fecha;uva;
31/03/2016;14,0500;
01/04/2016;14,0500;
02/04/2016;14,0600;
03/04/2016;14,0600;
04/04/2016;14,0600;
05/04/2016;14,1000;
06/04/2016;14,1100;
07/04/2016;14,1200;
08/04/2016;14,1400;
09/04/2016;14,1500;
10/04/2016;14,1500;
11/04/2016;14,1500;
12/04/2016;14,1800;
13/04/2016;14,2000;
14/04/2016;14,2100;
15/04/2016;14,2200;
16/04/2016;14,2300;
17/04/2016;14,2300;
18/04/2016;14,2300;
19/04/2016;14,2700;
20/04/2016;14,2800;
21/04/2016;14,2900;
22/04/2016;14,3100;
23/04/2016;14,3200;
24/04/2016;14,3200;
25/04/2016;14,3200;
26/04/2016;14,3600;
27/04/2016;14,3700;
28/04/2016;14,3800;
29/04/2016;14,4000;
30/04/2016;14,4100;
01/05/2016;14,4100;
02/05/2016;14,4100;
03/05/2016;14,4600;
04/05/2016;14,4700;
05/05/2016;14,4800;
06/05/2016;14,5000;
07/05/2016;14,5100;
08/05/2016;14,5100;
09/05/2016;14,5100;
10/05/2016;14,5500;
11/05/2016;14,5700;
12/05/2016;14,5800;
13/05/2016;14,6000;
14/05/2016;14,6100;
15/05/2016;14,6100;
16/05/2016;14,6100;
17/05/2016;14,6500;
18/05/2016;14,6700;
19/05/2016;14,6800;
20/05/2016;14,7000;
21/05/2016;14,7100;
22/05/2016;14,7100;
23/05/2016;14,7100;
24/05/2016;14,7500;
25/05/2016;14,7700;
26/05/2016;14,7700;
27/05/2016;14,8000;
28/05/2016;14,8200;
29/05/2016;14,8200;
30/05/2016;14,8200;
31/05/2016;14,8600;
01/06/2016;14,8800;
02/06/2016;14,9000;
03/06/2016;14,9100;
04/06/2016;14,9300;
05/06/2016;14,9300;
06/06/2016;14,9300;
07/06/2016;14,9800;
08/06/2016;14,9900;
09/06/2016;15,0100;
10/06/2016;15,0200;
11/06/2016;15,0400;
12/06/2016;15,0400;
13/06/2016;15,0400;
14/06/2016;15,0900;
15/06/2016;15,1100;
16/06/2016;15,1200;
17/06/2016;15,1400;
18/06/2016;15,1400;
19/06/2016;15,1400;
20/06/2016;15,1400;
21/06/2016;15,1400;
22/06/2016;15,2200;
23/06/2016;15,2400;
24/06/2016;15,2500;
25/06/2016;15,2700;
26/06/2016;15,2700;
27/06/2016;15,2700;
28/06/2016;15,3300;
29/06/2016;15,3500;
30/06/2016;15,3700;
01/07/2016;15,3900;
02/07/2016;15,4100;
03/07/2016;15,4100;
04/07/2016;15,4100;
05/07/2016;15,4800;
06/07/2016;15,5000;
07/07/2016;15,5200;
08/07/2016;15,5400;
09/07/2016;15,5400;
10/07/2016;15,5400;
11/07/2016;15,5400;
12/07/2016;15,6200;
13/07/2016;15,6500;
14/07/2016;15,6700;
15/07/2016;15,6900;
16/07/2016;15,7100;
17/07/2016;15,7100;
18/07/2016;15,7100;
19/07/2016;15,7600;
20/07/2016;15,7700;
21/07/2016;15,7900;
22/07/2016;15,8000;
23/07/2016;15,8200;
24/07/2016;15,8200;
25/07/2016;15,8200;
26/07/2016;15,8600;
27/07/2016;15,8800;
28/07/2016;15,9000;
29/07/2016;15,9100;
30/07/2016;15,9300;
31/07/2016;15,9300;
01/08/2016;15,9300;
02/08/2016;15,9700;
03/08/2016;15,9900;
04/08/2016;16,0000;
05/08/2016;16,0200;
06/08/2016;16,0400;
07/08/2016;16,0400;
08/08/2016;16,0400;
09/08/2016;16,0800;
10/08/2016;16,1000;
11/08/2016;16,1100;
12/08/2016;16,1300;
13/08/2016;16,1500;
14/08/2016;16,1500;
15/08/2016;16,1500;
16/08/2016;16,1500;
17/08/2016;16,2000;
18/08/2016;16,2100;
19/08/2016;16,2200;
20/08/2016;16,2300;
21/08/2016;16,2300;
22/08/2016;16,2300;
23/08/2016;16,2600;
24/08/2016;16,2700;
25/08/2016;16,2800;
26/08/2016;16,2900;
27/08/2016;16,3000;
28/08/2016;16,3000;
29/08/2016;16,3000;
30/08/2016;16,3400;
31/08/2016;16,3500;
01/09/2016;16,3600;
02/09/2016;16,3700;
03/09/2016;16,3800;
04/09/2016;16,3800;
05/09/2016;16,3800;
06/09/2016;16,4100;
07/09/2016;16,4200;
08/09/2016;16,4300;
09/09/2016;16,4400;
10/09/2016;16,4500;
11/09/2016;16,4500;
12/09/2016;16,4500;
13/09/2016;16,4800;
14/09/2016;16,4900;
15/09/2016;16,5000;
16/09/2016;16,5100;
17/09/2016;16,5100;
18/09/2016;16,5100;
19/09/2016;16,5100;
20/09/2016;16,5100;
21/09/2016;16,5100;
22/09/2016;16,5200;
23/09/2016;16,5200;
24/09/2016;16,5200;
25/09/2016;16,5200;
26/09/2016;16,5200;
27/09/2016;16,5200;
28/09/2016;16,5200;
29/09/2016;16,5200;
30/09/2016;16,5200;
01/10/2016;16,5200;
02/10/2016;16,5200;
03/10/2016;16,5200;
04/10/2016;16,5300;
05/10/2016;16,5300;
06/10/2016;16,5300;
07/10/2016;16,5300;
08/10/2016;16,5300;
09/10/2016;16,5300;
10/10/2016;16,5300;
11/10/2016;16,5300;
12/10/2016;16,5400;
13/10/2016;16,5400;
14/10/2016;16,5400;
15/10/2016;16,5400;
16/10/2016;16,5400;
17/10/2016;16,5400;
18/10/2016;16,5500;
19/10/2016;16,5600;
20/10/2016;16,5600;
21/10/2016;16,5700;
22/10/2016;16,5700;
23/10/2016;16,5700;
24/10/2016;16,5700;
25/10/2016;16,5900;
26/10/2016;16,6000;
27/10/2016;16,6000;
28/10/2016;16,6100;
29/10/2016;16,6200;
30/10/2016;16,6200;
31/10/2016;16,6200;
01/11/2016;16,6300;
02/11/2016;16,6400;
03/11/2016;16,6400;
04/11/2016;16,6500;
05/11/2016;16,6600;
06/11/2016;16,6600;
07/11/2016;16,6600;
08/11/2016;16,6700;
09/11/2016;16,6800;
10/11/2016;16,6900;
11/11/2016;16,6900;
12/11/2016;16,7000;
13/11/2016;16,7000;
14/11/2016;16,7000;
15/11/2016;16,7200;
16/11/2016;16,7200;
17/11/2016;16,7300;
18/11/2016;16,7500;
19/11/2016;16,7600;
20/11/2016;16,7600;
21/11/2016;16,7600;
22/11/2016;16,8000;
23/11/2016;16,8200;
24/11/2016;16,8300;
25/11/2016;16,8400;
26/11/2016;16,8600;
27/11/2016;16,8600;
28/11/2016;16,8600;
29/11/2016;16,8600;
30/11/2016;16,9100;
01/12/2016;16,9200;
02/12/2016;16,9400;
03/12/2016;16,9500;
04/12/2016;16,9500;
05/12/2016;16,9500;
06/12/2016;16,9900;
07/12/2016;17,0000;
08/12/2016;17,0200;
09/12/2016;17,0200;
10/12/2016;17,0200;
11/12/2016;17,0200;
12/12/2016;17,0200;
13/12/2016;17,0900;
14/12/2016;17,1000;
15/12/2016;17,1100;
16/12/2016;17,1300;
17/12/2016;17,1400;
18/12/2016;17,1400;
19/12/2016;17,1400;
20/12/2016;17,1600;
21/12/2016;17,1700;
22/12/2016;17,1800;
23/12/2016;17,1900;
24/12/2016;17,2000;
25/12/2016;17,2000;
26/12/2016;17,2000;
27/12/2016;17,2200;
28/12/2016;17,2300;
29/12/2016;17,2400;
30/12/2016;17,2500;
31/12/2016;17,2600;
01/01/2017;17,2600;
02/01/2017;17,2600;
03/01/2017;17,2900;
04/01/2017;17,2900;
05/01/2017;17,3000;
06/01/2017;17,3100;
07/01/2017;17,3200;
08/01/2017;17,3200;
09/01/2017;17,3200;
10/01/2017;17,3500;
11/01/2017;17,3600;
12/01/2017;17,3600;
13/01/2017;17,3700;
14/01/2017;17,3800;
15/01/2017;17,3800;
16/01/2017;17,3800;
17/01/2017;17,4100;
18/01/2017;17,4100;
19/01/2017;17,4200;
20/01/2017;17,4300;
21/01/2017;17,4300;
22/01/2017;17,4300;
23/01/2017;17,4300;
24/01/2017;17,4500;
25/01/2017;17,4600;
26/01/2017;17,4700;
27/01/2017;17,4700;
28/01/2017;17,4800;
29/01/2017;17,4800;
30/01/2017;17,4800;
31/01/2017;17,5000;
01/02/2017;17,5100;
02/02/2017;17,5100;
03/02/2017;17,5200;
04/02/2017;17,5300;
05/02/2017;17,5300;
06/02/2017;17,5300;
07/02/2017;17,5500;
08/02/2017;17,5600;
09/02/2017;17,5600;
10/02/2017;17,5700;
11/02/2017;17,5800;
12/02/2017;17,5800;
13/02/2017;17,5800;
14/02/2017;17,6000;
15/02/2017;17,6000;
16/02/2017;17,6100;
17/02/2017;17,6200;
18/02/2017;17,6300;
19/02/2017;17,6300;
20/02/2017;17,6300;
21/02/2017;17,6500;
22/02/2017;17,6600;
23/02/2017;17,6700;
24/02/2017;17,6700;
25/02/2017;17,6800;
26/02/2017;17,6800;
27/02/2017;17,6800;
28/02/2017;17,6800;
01/03/2017;17,6800;
02/03/2017;17,7200;
03/03/2017;17,7300;
04/03/2017;17,7400;
05/03/2017;17,7400;
06/03/2017;17,7400;
07/03/2017;17,7600;
08/03/2017;17,7700;
09/03/2017;17,7800;
10/03/2017;17,7900;
11/03/2017;17,8000;
12/03/2017;17,8000;
13/03/2017;17,8000;
14/03/2017;17,8200;
15/03/2017;17,8300;
16/03/2017;17,8400;
17/03/2017;17,8500;
18/03/2017;17,8700;
19/03/2017;17,8700;
20/03/2017;17,8700;
21/03/2017;17,9100;
22/03/2017;17,9200;
23/03/2017;17,9400;
24/03/2017;17,9500;
25/03/2017;17,9500;
26/03/2017;17,9500;
27/03/2017;17,9500;
28/03/2017;18,0100;
29/03/2017;18,0200;
30/03/2017;18,0400;
31/03/2017;18,0500;
01/04/2017;18,0700;
02/04/2017;18,0700;
03/04/2017;18,0700;
04/04/2017;18,1100;
05/04/2017;18,1300;
06/04/2017;18,1400;
07/04/2017;18,1600;
08/04/2017;18,1700;
09/04/2017;18,1700;
10/04/2017;18,1700;
11/04/2017;18,2200;
12/04/2017;18,2300;
13/04/2017;18,2400;
14/04/2017;18,2400;
15/04/2017;18,2400;
16/04/2017;18,2400;
17/04/2017;18,2400;
18/04/2017;18,3200;
19/04/2017;18,3300;
20/04/2017;18,3500;
21/04/2017;18,3600;
22/04/2017;18,3800;
23/04/2017;18,3800;
24/04/2017;18,3800;
25/04/2017;18,4200;
26/04/2017;18,4300;
27/04/2017;18,4500;
28/04/2017;18,4600;
29/04/2017;18,4800;
30/04/2017;18,4800;
01/05/2017;18,4800;
02/05/2017;18,4800;
03/05/2017;18,5400;
04/05/2017;18,5500;
05/05/2017;18,5600;
06/05/2017;18,5800;
07/05/2017;18,5800;
08/05/2017;18,5800;
09/05/2017;18,6200;
10/05/2017;18,6400;
11/05/2017;18,6500;
12/05/2017;18,6700;
13/05/2017;18,6800;
14/05/2017;18,6800;
15/05/2017;18,6800;
16/05/2017;18,7300;
17/05/2017;18,7400;
18/05/2017;18,7600;
19/05/2017;18,7700;
20/05/2017;18,7900;
21/05/2017;18,7900;
22/05/2017;18,7900;
23/05/2017;18,8300;
24/05/2017;18,8500;
25/05/2017;18,8700;
26/05/2017;18,8700;
27/05/2017;18,9000;
28/05/2017;18,9000;
29/05/2017;18,9000;
30/05/2017;18,9400;
31/05/2017;18,9600;
01/06/2017;18,9700;
02/06/2017;18,9900;
03/06/2017;19,0000;
04/06/2017;19,0000;
05/06/2017;19,0000;
06/06/2017;19,0500;
07/06/2017;19,0700;
08/06/2017;19,0800;
09/06/2017;19,1000;
10/06/2017;19,1100;
11/06/2017;19,1100;
12/06/2017;19,1100;
13/06/2017;19,1600;
14/06/2017;19,1800;
15/06/2017;19,1900;
16/06/2017;19,2100;
17/06/2017;19,2200;
18/06/2017;19,2200;
19/06/2017;19,2200;
20/06/2017;19,2400;
21/06/2017;19,2400;
22/06/2017;19,2600;
23/06/2017;19,2700;
24/06/2017;19,2800;
25/06/2017;19,2800;
26/06/2017;19,2800;
27/06/2017;19,3000;
28/06/2017;19,3100;
29/06/2017;19,3200;
30/06/2017;19,3300;
01/07/2017;19,3400;
02/07/2017;19,3400;
03/07/2017;19,3400;
04/07/2017;19,3600;
05/07/2017;19,3700;
06/07/2017;19,3800;
07/07/2017;19,3900;
08/07/2017;19,4000;
09/07/2017;19,4000;
10/07/2017;19,4000;
11/07/2017;19,4200;
12/07/2017;19,4300;
13/07/2017;19,4400;
14/07/2017;19,4500;
15/07/2017;19,4600;
16/07/2017;19,4600;
17/07/2017;19,4600;
18/07/2017;19,4800;
19/07/2017;19,4900;
20/07/2017;19,4900;
21/07/2017;19,5000;
22/07/2017;19,5100;
23/07/2017;19,5100;
24/07/2017;19,5100;
25/07/2017;19,5300;
26/07/2017;19,5400;
27/07/2017;19,5500;
28/07/2017;19,5500;
29/07/2017;19,5600;
30/07/2017;19,5600;
31/07/2017;19,5600;
01/08/2017;19,5800;
02/08/2017;19,5900;
03/08/2017;19,6000;
04/08/2017;19,6000;
05/08/2017;19,6100;
06/08/2017;19,6100;
07/08/2017;19,6100;
08/08/2017;19,6300;
09/08/2017;19,6400;
10/08/2017;19,6500;
11/08/2017;19,6500;
12/08/2017;19,6600;
13/08/2017;19,6600;
14/08/2017;19,6600;
15/08/2017;19,6800;
16/08/2017;19,6900;
17/08/2017;19,7000;
18/08/2017;19,7100;
19/08/2017;19,7200;
20/08/2017;19,7200;
21/08/2017;19,7200;
22/08/2017;19,7200;
23/08/2017;19,7700;
24/08/2017;19,7800;
25/08/2017;19,7900;
26/08/2017;19,8000;
27/08/2017;19,8000;
28/08/2017;19,8000;
29/08/2017;19,8300;
30/08/2017;19,8400;
31/08/2017;19,8500;
01/09/2017;19,8600;
02/09/2017;19,8700;
03/09/2017;19,8700;
04/09/2017;19,8700;
05/09/2017;19,9000;
06/09/2017;19,9200;
07/09/2017;19,9300;
08/09/2017;19,9400;
09/09/2017;19,9500;
10/09/2017;19,9500;
11/09/2017;19,9500;
12/09/2017;19,9800;
13/09/2017;19,9900;
14/09/2017;20,0000;
15/09/2017;20,0100;
16/09/2017;20,0200;
17/09/2017;20,0200;
18/09/2017;20,0200;
19/09/2017;20,0500;
20/09/2017;20,0600;
21/09/2017;20,0700;
22/09/2017;20,0800;
23/09/2017;20,0900;
24/09/2017;20,0900;
25/09/2017;20,0900;
26/09/2017;20,1200;
27/09/2017;20,1300;
28/09/2017;20,1400;
29/09/2017;20,1500;
30/09/2017;20,1600;
01/10/2017;20,1600;
02/10/2017;20,1600;
03/10/2017;20,1800;
04/10/2017;20,1900;
05/10/2017;20,2000;
06/10/2017;20,2100;
07/10/2017;20,2200;
08/10/2017;20,2200;
09/10/2017;20,2200;
10/10/2017;20,2200;
11/10/2017;20,2600;
12/10/2017;20,2700;
13/10/2017;20,2800;
14/10/2017;20,2900;
15/10/2017;20,2900;
16/10/2017;20,2900;
17/10/2017;20,3200;
18/10/2017;20,3300;
19/10/2017;20,3500;
20/10/2017;20,3600;
21/10/2017;20,3700;
22/10/2017;20,3700;
23/10/2017;20,3700;
24/10/2017;20,4100;
25/10/2017;20,4200;
26/10/2017;20,4400;
27/10/2017;20,4500;
28/10/2017;20,4600;
29/10/2017;20,4600;
30/10/2017;20,4600;
31/10/2017;20,5000;
01/11/2017;20,5100;
02/11/2017;20,5200;
03/11/2017;20,5400;
04/11/2017;20,5500;
05/11/2017;20,5500;
06/11/2017;20,5500;
07/11/2017;20,5500;
08/11/2017;20,6000;
09/11/2017;20,6100;
10/11/2017;20,6200;
11/11/2017;20,6400;
12/11/2017;20,6400;
13/11/2017;20,6400;
14/11/2017;20,6800;
15/11/2017;20,6900;
16/11/2017;20,7000;
17/11/2017;20,7100;
18/11/2017;20,7200;
19/11/2017;20,7200;
20/11/2017;20,7200;
21/11/2017;20,7200;
22/11/2017;20,7600;
23/11/2017;20,7700;
24/11/2017;20,7900;
25/11/2017;20,8000;
26/11/2017;20,8000;
27/11/2017;20,8000;
28/11/2017;20,8300;
29/11/2017;20,8400;
30/11/2017;20,8500;
01/12/2017;20,8600;
02/12/2017;20,8700;
03/12/2017;20,8700;
04/12/2017;20,8700;
05/12/2017;20,9000;
06/12/2017;20,9100;
07/12/2017;20,9200;
08/12/2017;20,9300;
09/12/2017;20,9300;
10/12/2017;20,9300;
11/12/2017;20,9300;
12/12/2017;20,9800;
13/12/2017;20,9900;
14/12/2017;21,0000;
15/12/2017;21,0100;
16/12/2017;21,0200;
17/12/2017;21,0200;
18/12/2017;21,0200;
19/12/2017;21,0500;
20/12/2017;21,0600;
21/12/2017;21,0700;
22/12/2017;21,0800;
23/12/2017;21,0900;
24/12/2017;21,0900;
25/12/2017;21,0900;
26/12/2017;21,0900;
27/12/2017;21,1200;
28/12/2017;21,1300;
29/12/2017;21,1400;
30/12/2017;21,1500;
31/12/2017;21,1500;
01/01/2018;21,1500;
02/01/2018;21,1500;
03/01/2018;21,1900;
04/01/2018;21,2000;
05/01/2018;21,2100;
06/01/2018;21,2200;
07/01/2018;21,2200;
08/01/2018;21,2200;
09/01/2018;21,2500;
10/01/2018;21,2600;
11/01/2018;21,2700;
12/01/2018;21,2800;
13/01/2018;21,2900;
14/01/2018;21,2900;
15/01/2018;21,2900;
16/01/2018;21,3200;
17/01/2018;21,3400;
18/01/2018;21,3600;
19/01/2018;21,3800;
20/01/2018;21,4000;
21/01/2018;21,4000;
22/01/2018;21,4000;
23/01/2018;21,4700;
24/01/2018;21,4900;
25/01/2018;21,5100;
26/01/2018;21,5300;
27/01/2018;21,5500;
28/01/2018;21,5500;
29/01/2018;21,5500;
30/01/2018;21,6200;
31/01/2018;21,6400;
01/02/2018;21,6600;
02/02/2018;21,6800;
03/02/2018;21,7000;
04/02/2018;21,7000;
05/02/2018;21,7000;
06/02/2018;21,7700;
07/02/2018;21,7900;
08/02/2018;21,8100;
09/02/2018;21,8300;
10/02/2018;21,8500;
11/02/2018;21,8500;
12/02/2018;21,8500;
13/02/2018;21,8500;
14/02/2018;21,8500;
15/02/2018;21,9600;
16/02/2018;21,9800;
17/02/2018;21,9900;
18/02/2018;21,9900;
19/02/2018;21,9900;
20/02/2018;22,0400;
21/02/2018;22,0500;
22/02/2018;22,0700;
23/02/2018;22,0800;
24/02/2018;22,0900;
25/02/2018;22,0900;
26/02/2018;22,0900;
27/02/2018;22,1400;
28/02/2018;22,1500;
01/03/2018;22,1700;
02/03/2018;22,1800;
03/03/2018;22,2000;
04/03/2018;22,2000;
05/03/2018;22,2000;
06/03/2018;22,2400;
07/03/2018;22,2500;
08/03/2018;22,2700;
09/03/2018;22,2800;
10/03/2018;22,3000;
11/03/2018;22,3000;
12/03/2018;22,3000;
13/03/2018;22,3400;
14/03/2018;22,3500;
15/03/2018;22,3700;
16/03/2018;22,3800;
17/03/2018;22,4000;
18/03/2018;22,4000;
19/03/2018;22,4000;
20/03/2018;22,4500;
21/03/2018;22,4700;
22/03/2018;22,4900;
23/03/2018;22,5000;
24/03/2018;22,5200;
25/03/2018;22,5200;
26/03/2018;22,5200;
27/03/2018;22,5700;
28/03/2018;22,5900;
29/03/2018;22,6100;
30/03/2018;22,6100;
31/03/2018;22,6100;
01/04/2018;22,6100;
02/04/2018;22,6100;
03/04/2018;22,6100;
04/04/2018;22,7100;
05/04/2018;22,7300;
06/04/2018;22,7500;
07/04/2018;22,7600;
08/04/2018;22,7600;
09/04/2018;22,7600;
10/04/2018;22,8100;
11/04/2018;22,8300;
12/04/2018;22,8500;
13/04/2018;22,8700;
14/04/2018;22,8800;
15/04/2018;22,8800;
16/04/2018;22,8800;
17/04/2018;22,9400;
18/04/2018;22,9500;
19/04/2018;22,9700;
20/04/2018;22,9900;
21/04/2018;23,0100;
22/04/2018;23,0100;
23/04/2018;23,0100;
24/04/2018;23,0600;
25/04/2018;23,0800;
26/04/2018;23,0900;
27/04/2018;23,1100;
28/04/2018;23,1300;
29/04/2018;23,1300;
30/04/2018;23,1300;
01/05/2018;23,1300;
02/05/2018;23,1300;
03/05/2018;23,2200;
04/05/2018;23,2300;
05/05/2018;23,2500;
06/05/2018;23,2500;
07/05/2018;23,2500;
08/05/2018;23,3100;
09/05/2018;23,3200;
10/05/2018;23,3400;
11/05/2018;23,3600;
12/05/2018;23,3800;
13/05/2018;23,3800;
14/05/2018;23,3800;
15/05/2018;23,4300;
16/05/2018;23,4500;
17/05/2018;23,4700;
18/05/2018;23,4900;
19/05/2018;23,5100;
20/05/2018;23,5100;
21/05/2018;23,5100;
22/05/2018;23,5700;
23/05/2018;23,5900;
24/05/2018;23,6100;
25/05/2018;23,6300;
26/05/2018;23,6300;
27/05/2018;23,6300;
28/05/2018;23,6300;
29/05/2018;23,7100;
30/05/2018;23,7300;
31/05/2018;23,7500;
01/06/2018;23,7700;
02/06/2018;23,7900;
03/06/2018;23,7900;
04/06/2018;23,7900;
05/06/2018;23,8500;
06/06/2018;23,8700;
07/06/2018;23,8900;
08/06/2018;23,9200;
09/06/2018;23,9400;
10/06/2018;23,9400;
11/06/2018;23,9400;
12/06/2018;24,0000;
13/06/2018;24,0200;
14/06/2018;24,0400;
15/06/2018;24,0600;
16/06/2018;24,0800;
17/06/2018;24,0800;
18/06/2018;24,0800;
19/06/2018;24,1300;
20/06/2018;24,1500;
21/06/2018;24,1500;
22/06/2018;24,1800;
23/06/2018;24,2000;
24/06/2018;24,2000;
25/06/2018;24,2000;
26/06/2018;24,2500;
27/06/2018;24,2600;
28/06/2018;24,2800;
29/06/2018;24,3000;
30/06/2018;24,3100;
01/07/2018;24,3100;
02/07/2018;24,3100;
03/07/2018;24,3700;
04/07/2018;24,3800;
05/07/2018;24,4000;
06/07/2018;24,4200;
07/07/2018;24,4300;
08/07/2018;24,4300;
09/07/2018;24,4300;
10/07/2018;24,4300;
11/07/2018;24,5000;
12/07/2018;24,5200;
13/07/2018;24,5300;
14/07/2018;24,5500;
15/07/2018;24,5500;
16/07/2018;24,5500;
17/07/2018;24,6100;
18/07/2018;24,6400;
19/07/2018;24,6700;
20/07/2018;24,7000;
21/07/2018;24,7300;
22/07/2018;24,7300;
23/07/2018;24,7300;
24/07/2018;24,8200;
25/07/2018;24,8500;
26/07/2018;24,8800;
27/07/2018;24,9000;
28/07/2018;24,9300;
29/07/2018;24,9300;
30/07/2018;24,9300;
31/07/2018;25,0200;
01/08/2018;25,0500;
02/08/2018;25,0800;
03/08/2018;25,1100;
04/08/2018;25,1400;
05/08/2018;25,1400;
06/08/2018;25,1400;
07/08/2018;25,2300;
08/08/2018;25,2600;
09/08/2018;25,2900;
10/08/2018;25,3200;
11/08/2018;25,3500;
12/08/2018;25,3500;
13/08/2018;25,3500;
14/08/2018;25,4400;
15/08/2018;25,4700;
16/08/2018;25,5000;
17/08/2018;25,5200;
18/08/2018;25,5500;
19/08/2018;25,5500;
20/08/2018;25,5500;
21/08/2018;25,5500;
22/08/2018;25,6500;
23/08/2018;25,6700;
24/08/2018;25,7000;
25/08/2018;25,7200;
26/08/2018;25,7200;
27/08/2018;25,7200;
28/08/2018;25,8000;
29/08/2018;25,8200;
30/08/2018;25,8500;
31/08/2018;25,8700;
01/09/2018;25,9000;
02/09/2018;25,9000;
03/09/2018;25,9000;
04/09/2018;25,9800;
05/09/2018;26,0000;
06/09/2018;26,0300;
07/09/2018;26,0500;
08/09/2018;26,0800;
09/09/2018;26,0800;
10/09/2018;26,0800;
11/09/2018;26,1600;
12/09/2018;26,1800;
13/09/2018;26,2100;
14/09/2018;26,2300;
15/09/2018;26,2600;
16/09/2018;26,2600;
17/09/2018;26,2600;
18/09/2018;26,3500;
19/09/2018;26,3900;
20/09/2018;26,4200;
21/09/2018;26,4500;
22/09/2018;26,4900;
23/09/2018;26,4900;
24/09/2018;26,4900;
25/09/2018;26,5900;
26/09/2018;26,6200;
27/09/2018;26,6600;
28/09/2018;26,6900;
29/09/2018;26,7300;
30/09/2018;26,7300;
01/10/2018;26,7300;
02/10/2018;26,8300;
03/10/2018;26,8600;
04/10/2018;26,9000;
05/10/2018;26,9300;
06/10/2018;26,9600;
07/10/2018;26,9600;
08/10/2018;26,9600;
09/10/2018;27,0700;
10/10/2018;27,1000;
11/10/2018;27,1400;
12/10/2018;27,1700;
13/10/2018;27,2100;
14/10/2018;27,2100;
15/10/2018;27,2100;
16/10/2018;27,2100;
17/10/2018;27,3700;
18/10/2018;27,4200;
19/10/2018;27,4800;
20/10/2018;27,5300;
21/10/2018;27,5300;
22/10/2018;27,5300;
23/10/2018;27,7000;
24/10/2018;27,7600;
25/10/2018;27,8100;
26/10/2018;27,8700;
27/10/2018;27,9300;
28/10/2018;27,9300;
29/10/2018;27,9300;
30/10/2018;28,1000;
31/10/2018;28,1600;
01/11/2018;28,2100;
02/11/2018;28,2700;
03/11/2018;28,3300;
04/11/2018;28,3300;
05/11/2018;28,3300;
06/11/2018;28,5000;
07/11/2018;28,5000;
08/11/2018;28,6200;
09/11/2018;28,6800;
10/11/2018;28,7300;
11/11/2018;28,7300;
12/11/2018;28,7300;
13/11/2018;28,9100;
14/11/2018;28,9700;
15/11/2018;29,0300;
16/11/2018;29,0900;
17/11/2018;29,1400;
18/11/2018;29,1400;
19/11/2018;29,1400;
20/11/2018;29,1400;
21/11/2018;29,3400;
22/11/2018;29,3900;
23/11/2018;29,4500;
24/11/2018;29,5000;
25/11/2018;29,5000;
26/11/2018;29,5000;
27/11/2018;29,6500;
28/11/2018;29,7000;
29/11/2018;29,7600;
30/11/2018;29,8100;
01/12/2018;29,8100;
02/12/2018;29,8100;
03/12/2018;29,8100;
04/12/2018;30,0200;
05/12/2018;30,0700;
06/12/2018;30,1200;
07/12/2018;30,1800;
08/12/2018;30,2300;
09/12/2018;30,2300;
10/12/2018;30,2300;
11/12/2018;30,3900;
12/12/2018;30,4400;
13/12/2018;30,5000;
14/12/2018;30,5500;
15/12/2018;30,6000;
16/12/2018;30,6000;
17/12/2018;30,6000;
18/12/2018;30,7200;
19/12/2018;30,7500;
20/12/2018;30,7800;
21/12/2018;30,8100;
22/12/2018;30,8400;
23/12/2018;30,8400;
24/12/2018;30,8400;
25/12/2018;30,8400;
26/12/2018;30,8400;
27/12/2018;31,0000;
28/12/2018;31,0300;
29/12/2018;31,0600;
30/12/2018;31,0600;
31/12/2018;31,0600;
01/01/2019;31,0600;
02/01/2019;31,0600;
03/01/2019;31,2200;
04/01/2019;31,2500;
05/01/2019;31,2900;
06/01/2019;31,2900;
07/01/2019;31,2900;
08/01/2019;31,3800;
09/01/2019;31,4100;
10/01/2019;31,4500;
11/01/2019;31,4800;
12/01/2019;31,5100;
13/01/2019;31,5100;
14/01/2019;31,5100;
15/01/2019;31,6100;
16/01/2019;31,6400;
17/01/2019;31,6600;
18/01/2019;31,6900;
19/01/2019;31,7200;
20/01/2019;31,7200;
21/01/2019;31,7200;
22/01/2019;31,8000;
23/01/2019;31,8200;
24/01/2019;31,8500;
25/01/2019;31,8700;
26/01/2019;31,9000;
27/01/2019;31,9000;
28/01/2019;31,9000;
29/01/2019;31,9800;
30/01/2019;32,0100;
31/01/2019;32,0300;
01/02/2019;32,0600;
02/02/2019;32,0900;
03/02/2019;32,0900;
04/02/2019;32,0900;
05/02/2019;32,1700;
06/02/2019;32,1900;
07/02/2019;32,2200;
08/02/2019;32,2500;
09/02/2019;32,2700;
10/02/2019;32,2700;
11/02/2019;32,2700;
12/02/2019;32,3500;
13/02/2019;32,3800;
14/02/2019;32,4100;
15/02/2019;32,4300;
16/02/2019;32,4600;
17/02/2019;32,4600;
18/02/2019;32,4600;
19/02/2019;32,5600;
20/02/2019;32,5900;
21/02/2019;32,6300;
22/02/2019;32,6600;
23/02/2019;32,6900;
24/02/2019;32,6900;
25/02/2019;32,6900;
26/02/2019;32,7900;
27/02/2019;32,8300;
28/02/2019;32,8600;
01/03/2019;32,8900;
02/03/2019;32,9300;
03/03/2019;32,9300;
04/03/2019;32,9300;
05/03/2019;32,9300;
06/03/2019;32,9300;
07/03/2019;33,1000;
08/03/2019;33,1300;
09/03/2019;33,1600;
10/03/2019;33,1600;
11/03/2019;33,1600;
12/03/2019;33,2700;
13/03/2019;33,3000;
14/03/2019;33,3300;
15/03/2019;33,3700;
16/03/2019;33,4000;
17/03/2019;33,4000;
18/03/2019;33,4000;
19/03/2019;33,5200;
20/03/2019;33,5600;
21/03/2019;33,6000;
22/03/2019;33,6400;
23/03/2019;33,6800;
24/03/2019;33,6800;
25/03/2019;33,6800;
26/03/2019;33,8100;
27/03/2019;33,8500;
28/03/2019;33,8900;
29/03/2019;33,9300;
30/03/2019;33,9700;
31/03/2019;33,9700;
01/04/2019;33,9700;
02/04/2019;34,0900;
03/04/2019;34,0900;
04/04/2019;34,1700;
05/04/2019;34,2200;
06/04/2019;34,2600;
07/04/2019;34,2600;
08/04/2019;34,2600;
09/04/2019;34,3800;
10/04/2019;34,4200;
11/04/2019;34,4600;
12/04/2019;34,5000;
13/04/2019;34,5500;
14/04/2019;34,5500;
15/04/2019;34,5500;
16/04/2019;34,6700;
17/04/2019;34,7200;
18/04/2019;34,7800;
19/04/2019;34,7800;
20/04/2019;34,7800;
21/04/2019;34,7800;
22/04/2019;34,7800;
23/04/2019;35,0400;
24/04/2019;35,1000;
25/04/2019;35,1500;
26/04/2019;35,2100;
27/04/2019;35,2600;
28/04/2019;35,2600;
29/04/2019;35,2600;
30/04/2019;35,4200;
01/05/2019;35,4800;
02/05/2019;35,4800;
03/05/2019;35,5900;
04/05/2019;35,6400;
05/05/2019;35,6400;
06/05/2019;35,6400;
07/05/2019;35,8000;
08/05/2019;35,8600;
09/05/2019;35,9100;
10/05/2019;35,9700;
11/05/2019;36,0200;
12/05/2019;36,0200;
13/05/2019;36,0200;
14/05/2019;36,1900;
15/05/2019;36,2500;
16/05/2019;36,3000;
17/05/2019;36,3400;
18/05/2019;36,3800;
19/05/2019;36,3800;
20/05/2019;36,3800;
21/05/2019;36,5000;
22/05/2019;36,5400;
23/05/2019;36,5800;
24/05/2019;36,6200;
25/05/2019;36,6500;
26/05/2019;36,6500;
27/05/2019;36,6500;
28/05/2019;36,7700;
29/05/2019;36,8100;
30/05/2019;36,8500;
31/05/2019;36,8900;
01/06/2019;36,9300;
02/06/2019;36,9300;
03/06/2019;36,9300;
04/06/2019;37,0500;
05/06/2019;37,0900;
06/06/2019;37,1300;
07/06/2019;37,1700;
08/06/2019;37,2100;
09/06/2019;37,2100;
10/06/2019;37,2100;
11/06/2019;37,3300;
12/06/2019;37,3700;
13/06/2019;37,4100;
14/06/2019;37,4500;
15/06/2019;37,4900;
16/06/2019;37,4900;
17/06/2019;37,4900;
18/06/2019;37,4900;
19/06/2019;37,6500;
20/06/2019;37,6900;
21/06/2019;37,6900;
22/06/2019;37,7600;
23/06/2019;37,7600;
24/06/2019;37,7600;
25/06/2019;37,8800;
26/06/2019;37,9200;
27/06/2019;37,9600;
28/06/2019;38,0000;
29/06/2019;38,0300;
30/06/2019;38,0300;
01/07/2019;38,0300;
02/07/2019;38,1500;
03/07/2019;38,1900;
04/07/2019;38,2300;
05/07/2019;38,2700;
06/07/2019;38,3100;
07/07/2019;38,3100;
08/07/2019;38,3100;
09/07/2019;38,3100;
10/07/2019;38,3100;
11/07/2019;38,5000;
12/07/2019;38,5400;
13/07/2019;38,5800;
14/07/2019;38,5800;
15/07/2019;38,5800;
16/07/2019;38,7000;
17/07/2019;38,7300;
18/07/2019;38,7600;
19/07/2019;38,8000;
20/07/2019;38,8300;
21/07/2019;38,8300;
22/07/2019;38,8300;
23/07/2019;38,9300;
24/07/2019;38,9700;
25/07/2019;39,0000;
26/07/2019;39,0300;
27/07/2019;39,0700;
28/07/2019;39,0700;
29/07/2019;39,0700;
30/07/2019;39,1700;
31/07/2019;39,2000;
01/08/2019;39,2300;
02/08/2019;39,2700;
03/08/2019;39,3000;
04/08/2019;39,3000;
05/08/2019;39,3000;
06/08/2019;39,4000;
07/08/2019;39,4400;
08/08/2019;39,4700;
09/08/2019;39,5000;
10/08/2019;39,5400;
11/08/2019;39,5400;
12/08/2019;39,5400;
13/08/2019;39,6400;
14/08/2019;39,6700;
15/08/2019;39,7100;
16/08/2019;39,7400;
17/08/2019;39,7700;
18/08/2019;39,7700;
19/08/2019;39,7700;
20/08/2019;39,7700;
21/08/2019;39,8800;
22/08/2019;39,9100;
23/08/2019;39,9400;
24/08/2019;39,9700;
25/08/2019;39,9700;
26/08/2019;39,9700;
27/08/2019;40,0500;
28/08/2019;40,0800;
29/08/2019;40,1100;
30/08/2019;40,1400;
31/08/2019;40,1600;
01/09/2019;40,1600;
02/09/2019;40,1600;
03/09/2019;40,2500;
04/09/2019;40,2800;
05/09/2019;40,3100;
06/09/2019;40,3300;
07/09/2019;40,3600;
08/09/2019;40,3600;
09/09/2019;40,3600;
10/09/2019;40,4500;
11/09/2019;40,4800;
12/09/2019;40,5000;
13/09/2019;40,5300;
14/09/2019;40,5600;
15/09/2019;40,5600;
16/09/2019;40,5600;
17/09/2019;40,6700;
18/09/2019;40,7200;
19/09/2019;40,7800;
20/09/2019;40,8300;
21/09/2019;40,8800;
22/09/2019;40,8800;
23/09/2019;40,8800;
24/09/2019;41,0400;
25/09/2019;41,1000;
26/09/2019;41,1500;
27/09/2019;41,2100;
28/09/2019;41,2600;
29/09/2019;41,2600;
30/09/2019;41,2600;
01/10/2019;41,4200;
02/10/2019;41,4800;
03/10/2019;41,5300;
04/10/2019;41,5800;
05/10/2019;41,6400;
06/10/2019;41,6400;
07/10/2019;41,6400;
08/10/2019;41,8000;
09/10/2019;41,8600;
10/10/2019;41,9100;
11/10/2019;41,9700;
12/10/2019;42,0200;
13/10/2019;42,0200;
14/10/2019;42,0200;
15/10/2019;42,0200;
16/10/2019;42,2400;
17/10/2019;42,3200;
18/10/2019;42,4000;
19/10/2019;42,4800;
20/10/2019;42,4800;
21/10/2019;42,4800;
22/10/2019;42,7100;
23/10/2019;42,7900;
24/10/2019;42,8700;
25/10/2019;42,9500;
26/10/2019;43,0300;
27/10/2019;43,0300;
28/10/2019;43,0300;
29/10/2019;43,2700;
30/10/2019;43,3500;
31/10/2019;43,4300;
01/11/2019;43,5100;
02/11/2019;43,5900;
03/11/2019;43,5900;
04/11/2019;43,5900;
05/11/2019;43,8300;
06/11/2019;43,9100;
07/11/2019;43,9100;
08/11/2019;44,0800;
09/11/2019;44,1600;
10/11/2019;44,1600;
11/11/2019;44,1600;
12/11/2019;44,4000;
13/11/2019;44,4900;
14/11/2019;44,5700;
15/11/2019;44,6500;
16/11/2019;44,7300;
17/11/2019;44,7300;
18/11/2019;44,7300;
19/11/2019;44,7300;
20/11/2019;44,9300;
21/11/2019;44,9800;
22/11/2019;45,0300;
23/11/2019;45,0700;
24/11/2019;45,0700;
25/11/2019;45,0700;
26/11/2019;45,2200;
27/11/2019;45,2700;
28/11/2019;45,3200;
29/11/2019;45,3700;
30/11/2019;45,4200;
01/12/2019;45,4200;
02/12/2019;45,4200;
03/12/2019;45,5700;
04/12/2019;45,6100;
05/12/2019;45,6600;
06/12/2019;45,7100;
07/12/2019;45,7600;
08/12/2019;45,7600;
09/12/2019;45,7600;
10/12/2019;45,9100;
11/12/2019;45,9600;
12/12/2019;46,0100;
13/12/2019;46,0600;
14/12/2019;46,1100;
15/12/2019;46,1100;
16/12/2019;46,1100;
17/12/2019;46,2700;
18/12/2019;46,3400;
19/12/2019;46,4000;
20/12/2019;46,4600;
21/12/2019;46,5300;
22/12/2019;46,5300;
23/12/2019;46,5300;
24/12/2019;46,7200;
25/12/2019;46,7800;
26/12/2019;46,7800;
27/12/2019;46,9100;
28/12/2019;46,9700;
29/12/2019;46,9700;
30/12/2019;46,9700;
31/12/2019;47,1600;
01/01/2020;47,2300;
02/01/2020;47,2300;
03/01/2020;47,3500;
04/01/2020;47,4200;
05/01/2020;47,4200;
06/01/2020;47,4200;
07/01/2020;47,6100;
08/01/2020;47,6800;
09/01/2020;47,7400;
10/01/2020;47,8100;
11/01/2020;47,8700;
12/01/2020;47,8700;
13/01/2020;47,8700;
14/01/2020;48,0700;
15/01/2020;48,1300;
16/01/2020;48,2000;
17/01/2020;48,2500;
18/01/2020;48,3100;
19/01/2020;48,3100;
20/01/2020;48,3100;
21/01/2020;48,4800;
22/01/2020;48,5400;
23/01/2020;48,5900;
24/01/2020;48,6500;
25/01/2020;48,7100;
26/01/2020;48,7100;
27/01/2020;48,7100;
28/01/2020;48,8800;
29/01/2020;48,9400;
30/01/2020;49,0000;
31/01/2020;49,0500;
01/02/2020;49,1100;
02/02/2020;49,1100;
03/02/2020;49,1100;
04/02/2020;49,2800;
05/02/2020;49,3400;
06/02/2020;49,4000;
07/02/2020;49,4600;
08/02/2020;49,5100;
09/02/2020;49,5100;
10/02/2020;49,5100;
11/02/2020;49,6900;
12/02/2020;49,7500;
13/02/2020;49,8100;
14/02/2020;49,8600;
15/02/2020;49,9200;
16/02/2020;49,9200;
17/02/2020;49,9200;
18/02/2020;50,0600;
19/02/2020;50,1000;
20/02/2020;50,1400;
21/02/2020;50,1800;
22/02/2020;50,2200;
23/02/2020;50,2200;
24/02/2020;50,2200;
25/02/2020;50,2200;
26/02/2020;50,2200;
27/02/2020;50,4100;
28/02/2020;50,4500;
29/02/2020;50,4900;
01/03/2020;50,4900;
02/03/2020;50,4900;
03/03/2020;50,6100;
04/03/2020;50,6500;
05/03/2020;50,6900;
06/03/2020;50,7300;
07/03/2020;50,7700;
08/03/2020;50,7700;
09/03/2020;50,7700;
10/03/2020;50,8900;
11/03/2020;50,9300;
12/03/2020;50,9700;
13/03/2020;51,0100;
14/03/2020;51,0500;
15/03/2020;51,0500;
16/03/2020;51,0500;
17/03/2020;51,1600;
18/03/2020;51,2000;
19/03/2020;51,2300;
20/03/2020;51,2600;
21/03/2020;51,2900;
22/03/2020;51,2900;
23/03/2020;51,2900;
24/03/2020;51,2900;
25/03/2020;51,2900;
26/03/2020;51,4600;
27/03/2020;51,4900;
28/03/2020;51,5200;
29/03/2020;51,5200;
30/03/2020;51,5200;
31/03/2020;51,6200;
01/04/2020;51,6600;
02/04/2020;51,6900;
03/04/2020;51,6900;
04/04/2020;51,7600;
05/04/2020;51,7600;
06/04/2020;51,7600;
07/04/2020;51,8500;
08/04/2020;51,8900;
09/04/2020;51,9200;
10/04/2020;51,9200;
11/04/2020;51,9200;
12/04/2020;51,9200;
13/04/2020;51,9200;
14/04/2020;52,0900;
15/04/2020;52,1200;
16/04/2020;52,1500;
17/04/2020;52,2100;
18/04/2020;52,2700;
19/04/2020;52,2700;
20/04/2020;52,2700;
21/04/2020;52,4400;
22/04/2020;52,4900;
23/04/2020;52,5500;
24/04/2020;52,6100;
25/04/2020;52,6600;
26/04/2020;52,6600;
27/04/2020;52,6600;
28/04/2020;52,8400;
29/04/2020;52,8900;
30/04/2020;52,9500;
01/05/2020;53,0100;
02/05/2020;53,0100;
03/05/2020;53,0100;
04/05/2020;53,0100;
05/05/2020;53,2400;
06/05/2020;53,2900;
07/05/2020;53,3500;
08/05/2020;53,4100;
09/05/2020;53,4700;
10/05/2020;53,4700;
11/05/2020;53,4700;
12/05/2020;53,6400;
13/05/2020;53,7000;
14/05/2020;53,7600;
15/05/2020;53,8200;
16/05/2020;53,8700;
17/05/2020;53,8700;
18/05/2020;53,8700;
19/05/2020;53,9500;
20/05/2020;53,9800;
21/05/2020;54,0000;
22/05/2020;54,0300;
23/05/2020;54,0600;
24/05/2020;54,0600;
25/05/2020;54,0600;
26/05/2020;54,0600;
27/05/2020;54,1600;
28/05/2020;54,1900;
29/05/2020;54,2100;
30/05/2020;54,2400;
31/05/2020;54,2400;
01/06/2020;54,2400;
02/06/2020;54,3200;
03/06/2020;54,3400;
04/06/2020;54,3700;
05/06/2020;54,3900;
06/06/2020;54,4200;
07/06/2020;54,4200;
08/06/2020;54,4200;
09/06/2020;54,5000;
10/06/2020;54,5300;
11/06/2020;54,5500;
12/06/2020;54,5800;
13/06/2020;54,6000;
14/06/2020;54,6000;
15/06/2020;54,6000;
16/06/2020;54,6000;
17/06/2020;54,7100;
18/06/2020;54,7400;
19/06/2020;54,7600;
20/06/2020;54,7900;
21/06/2020;54,7900;
22/06/2020;54,7900;
23/06/2020;54,8700;
24/06/2020;54,9000;
25/06/2020;54,9300;
26/06/2020;54,9500;
27/06/2020;54,9800;
28/06/2020;54,9800;
29/06/2020;54,9800;
30/06/2020;55,0600;
01/07/2020;55,0900;
02/07/2020;55,1200;
03/07/2020;55,1500;
04/07/2020;55,1700;
05/07/2020;55,1700;
06/07/2020;55,1700;
07/07/2020;55,2600;
08/07/2020;55,2800;
09/07/2020;55,3100;
10/07/2020;55,3100;
11/07/2020;55,3100;
12/07/2020;55,3100;
13/07/2020;55,3100;
14/07/2020;55,4500;
15/07/2020;55,4800;
16/07/2020;55,5000;
17/07/2020;55,5400;
18/07/2020;55,5800;
19/07/2020;55,5800;
20/07/2020;55,5800;
21/07/2020;55,7000;
22/07/2020;55,7400;
23/07/2020;55,7800;
24/07/2020;55,8200;
25/07/2020;55,8500;
26/07/2020;55,8500;
27/07/2020;55,8500;
28/07/2020;55,9700;
29/07/2020;56,0100;
30/07/2020;56,0500;
31/07/2020;56,0900;
01/08/2020;56,1300;
02/08/2020;56,1300;
03/08/2020;56,1300;
04/08/2020;56,2500;
05/08/2020;56,2900;
06/08/2020;56,3300;
07/08/2020;56,3700;
08/08/2020;56,4100;
09/08/2020;56,4100;
10/08/2020;56,4100;
11/08/2020;56,5300;
12/08/2020;56,5600;
13/08/2020;56,6000;
14/08/2020;56,6400;
15/08/2020;56,6800;
16/08/2020;56,6800;
17/08/2020;56,6800;
18/08/2020;56,6800;
19/08/2020;56,8300;
20/08/2020;56,8600;
21/08/2020;56,9000;
22/08/2020;56,9300;
23/08/2020;56,9300;
24/08/2020;56,9300;
25/08/2020;57,0300;
26/08/2020;57,0700;
27/08/2020;57,1000;
28/08/2020;57,1400;
29/08/2020;57,1700;
30/08/2020;57,1700;
31/08/2020;57,1700;
01/09/2020;57,2800;
02/09/2020;57,3100;
03/09/2020;57,3500;
04/09/2020;57,3800;
05/09/2020;57,4200;
06/09/2020;57,4200;
07/09/2020;57,4200;
08/09/2020;57,5200;
09/09/2020;57,5600;
10/09/2020;57,5900;
11/09/2020;57,6300;
12/09/2020;57,6600;
13/09/2020;57,6600;
14/09/2020;57,6600;
15/09/2020;57,7700;
16/09/2020;57,8000;
17/09/2020;57,8500;
18/09/2020;57,9000;
19/09/2020;57,9600;
20/09/2020;57,9600;
21/09/2020;57,9600;
22/09/2020;58,1100;
23/09/2020;58,1600;
24/09/2020;58,2100;
25/09/2020;58,2700;
26/09/2020;58,3200;
27/09/2020;58,3200;
28/09/2020;58,3200;
29/09/2020;58,4700;
30/09/2020;58,5200;
01/10/2020;58,5800;
02/10/2020;58,6300;
03/10/2020;58,6800;
04/10/2020;58,6800;
05/10/2020;58,6800;
06/10/2020;58,8400;
07/10/2020;58,8900;
08/10/2020;58,9400;
09/10/2020;58,9900;
10/10/2020;59,0500;
11/10/2020;59,0500;
12/10/2020;59,0500;
13/10/2020;59,0500;
14/10/2020;59,2600;
15/10/2020;59,3100;
16/10/2020;59,3600;
17/10/2020;59,4200;
18/10/2020;59,4200;
19/10/2020;59,4200;
20/10/2020;59,5700;
21/10/2020;59,6300;
22/10/2020;59,6800;
23/10/2020;59,7300;
24/10/2020;59,7900;
25/10/2020;59,7900;
26/10/2020;59,7900;
27/10/2020;59,9500;
28/10/2020;60,0000;
29/10/2020;60,0500;
30/10/2020;60,1100;
31/10/2020;60,1600;
01/11/2020;60,1600;
02/11/2020;60,1600;
03/11/2020;60,3200;
04/11/2020;60,3800;
05/11/2020;60,4300;
06/11/2020;60,4800;
07/11/2020;60,4800;
08/11/2020;60,4800;
09/11/2020;60,4800;
10/11/2020;60,7000;
11/11/2020;60,7500;
12/11/2020;60,8100;
13/11/2020;60,8600;
14/11/2020;60,9200;
15/11/2020;60,9200;
16/11/2020;60,9200;
17/11/2020;61,1000;
18/11/2020;61,1800;
19/11/2020;61,2500;
20/11/2020;61,3300;
21/11/2020;61,4000;
22/11/2020;61,4000;
23/11/2020;61,4000;
24/11/2020;61,4000;
25/11/2020;61,7100;
26/11/2020;61,7900;
27/11/2020;61,8600;
28/11/2020;61,9400;
29/11/2020;61,9400;
30/11/2020;61,9400;
01/12/2020;62,1700;
02/12/2020;62,2500;
03/12/2020;62,3300;
04/12/2020;62,4100;
05/12/2020;62,4800;
06/12/2020;62,4800;
07/12/2020;62,4800;
08/12/2020;62,4800;
09/12/2020;62,4800;
10/12/2020;62,8700;
11/12/2020;62,9500;
12/12/2020;63,0300;
13/12/2020;63,0300;
14/12/2020;63,0300;
15/12/2020;63,2600;
16/12/2020;63,3400;
17/12/2020;63,4100;
18/12/2020;63,4700;
19/12/2020;63,5400;
20/12/2020;63,5400;
21/12/2020;63,5400;
22/12/2020;63,7300;
23/12/2020;63,8000;
24/12/2020;63,8600;
25/12/2020;63,9300;
26/12/2020;63,9300;
27/12/2020;63,9300;
28/12/2020;63,9300;
29/12/2020;64,1900;
30/12/2020;64,2500;
31/12/2020;64,3200;
01/01/2021;64,3800;
02/01/2021;64,3800;
03/01/2021;64,3800;
04/01/2021;64,3800;
05/01/2021;64,6400;
06/01/2021;64,7100;
07/01/2021;64,7800;
08/01/2021;64,8400;
09/01/2021;64,9100;
10/01/2021;64,9100;
11/01/2021;64,9100;
12/01/2021;65,1100;
13/01/2021;65,1700;
14/01/2021;65,2400;
15/01/2021;65,3000;
16/01/2021;65,3700;
17/01/2021;65,3700;
18/01/2021;65,3700;
19/01/2021;65,6200;
20/01/2021;65,7000;
21/01/2021;65,7900;
22/01/2021;65,8700;
23/01/2021;65,9500;
24/01/2021;65,9500;
25/01/2021;65,9500;
26/01/2021;66,2000;
27/01/2021;66,2900;
28/01/2021;66,3700;
29/01/2021;66,4500;
30/01/2021;66,5400;
31/01/2021;66,5400;
01/02/2021;66,5400;
02/02/2021;66,7900;
03/02/2021;66,8800;
04/02/2021;66,9600;
05/02/2021;67,0500;
06/02/2021;67,1300;
07/02/2021;67,1300;
08/02/2021;67,1300;
09/02/2021;67,3900;
10/02/2021;67,4700;
11/02/2021;67,5600;
12/02/2021;67,6400;
13/02/2021;67,7300;
14/02/2021;67,7300;
15/02/2021;67,7300;
16/02/2021;67,7300;
17/02/2021;67,7300;
18/02/2021;68,1800;
19/02/2021;68,2700;
20/02/2021;68,3700;
21/02/2021;68,3700;
22/02/2021;68,3700;
23/02/2021;68,6500;
24/02/2021;68,7500;
25/02/2021;68,8500;
26/02/2021;68,9400;
27/02/2021;69,0400;
28/02/2021;69,0400;
01/03/2021;69,0400;
02/03/2021;69,3300;
03/03/2021;69,4300;
04/03/2021;69,5300;
05/03/2021;69,6200;
06/03/2021;69,7200;
07/03/2021;69,7200;
08/03/2021;69,7200;
09/03/2021;70,0100;
10/03/2021;70,1100;
11/03/2021;70,2100;
12/03/2021;70,3100;
13/03/2021;70,4100;
14/03/2021;70,4100;
15/03/2021;70,4100;
16/03/2021;70,7000;
17/03/2021;70,7900;
18/03/2021;70,8700;
19/03/2021;70,9500;
20/03/2021;71,0300;
21/03/2021;71,0300;
22/03/2021;71,0300;
23/03/2021;71,2700;
24/03/2021;71,3500;
25/03/2021;71,3500;
26/03/2021;71,5200;
27/03/2021;71,6000;
28/03/2021;71,6000;
29/03/2021;71,6000;
30/03/2021;71,8400;
31/03/2021;71,9200;
01/04/2021;72,0100;
02/04/2021;72,0100;
03/04/2021;72,0100;
04/04/2021;72,0100;
05/04/2021;72,0100;
06/04/2021;72,4200;
07/04/2021;72,5000;
08/04/2021;72,5800;
09/04/2021;72,6700;
10/04/2021;72,7500;
11/04/2021;72,7500;
12/04/2021;72,7500;
13/04/2021;73,0000;
14/04/2021;73,0800;
15/04/2021;73,1700;
16/04/2021;73,2500;
17/04/2021;73,3600;
18/04/2021;73,3600;
19/04/2021;73,3600;
20/04/2021;73,7100;
21/04/2021;73,8200;
22/04/2021;73,9400;
23/04/2021;74,0600;
24/04/2021;74,1700;
25/04/2021;74,1700;
26/04/2021;74,1700;
27/04/2021;74,5200;
28/04/2021;74,6400;
29/04/2021;74,7500;
30/04/2021;74,8700;
01/05/2021;74,9900;
02/05/2021;74,9900;
03/05/2021;74,9900;
04/05/2021;75,3400;
05/05/2021;75,4600;
06/05/2021;75,5800;
07/05/2021;75,6900;
08/05/2021;75,8100;
09/05/2021;75,8100;
10/05/2021;75,8100;
11/05/2021;76,1700;
12/05/2021;76,2900;
13/05/2021;76,4100;
14/05/2021;76,5300;
15/05/2021;76,6500;
16/05/2021;76,6500;
17/05/2021;76,6500;
18/05/2021;76,9700;
19/05/2021;77,0600;
20/05/2021;77,1600;
21/05/2021;77,2600;
22/05/2021;77,3700;
23/05/2021;77,3700;
24/05/2021;77,3700;
25/05/2021;77,3700;
26/05/2021;77,3700;
27/05/2021;77,8700;
28/05/2021;77,9700;
29/05/2021;78,0700;
30/05/2021;78,0700;
31/05/2021;78,0700;
01/06/2021;78,3700;
02/06/2021;78,4800;
03/06/2021;78,5800;
04/06/2021;78,6800;
05/06/2021;78,7800;
06/06/2021;78,7800;
07/06/2021;78,7800;
08/06/2021;79,0900;
09/06/2021;79,1900;
10/06/2021;79,2900;
11/06/2021;79,4000;
12/06/2021;79,5000;
13/06/2021;79,5000;
14/06/2021;79,5000;
15/06/2021;79,8100;
16/06/2021;79,9100;
17/06/2021;80,0000;
18/06/2021;80,0900;
19/06/2021;80,1700;
20/06/2021;80,1700;
21/06/2021;80,1700;
22/06/2021;80,1700;
23/06/2021;80,5200;
24/06/2021;80,6100;
25/06/2021;80,7000;
26/06/2021;80,7800;
27/06/2021;80,7800;
28/06/2021;80,7800;
29/06/2021;81,0500;
30/06/2021;81,1300;
01/07/2021;81,2200;
02/07/2021;81,3100;
03/07/2021;81,4000;
04/07/2021;81,4000;
05/07/2021;81,4000;
06/07/2021;81,6600;
07/07/2021;81,7500;
08/07/2021;81,8400;
09/07/2021;81,9300;
10/07/2021;81,9300;
11/07/2021;81,9300;
12/07/2021;81,9300;
13/07/2021;82,2800;
14/07/2021;82,3700;
15/07/2021;82,4600;
16/07/2021;82,5500;
17/07/2021;82,6300;
18/07/2021;82,6300;
19/07/2021;82,6300;
20/07/2021;82,8900;
21/07/2021;82,9700;
22/07/2021;83,0600;
23/07/2021;83,1400;
24/07/2021;83,2200;
25/07/2021;83,2200;
26/07/2021;83,2200;
27/07/2021;83,4800;
28/07/2021;83,5600;
29/07/2021;83,6500;
30/07/2021;83,7300;
31/07/2021;83,8200;
01/08/2021;83,8200;
02/08/2021;83,8200;
03/08/2021;84,0700;
04/08/2021;84,1600;
05/08/2021;84,2500;
06/08/2021;84,3300;
07/08/2021;84,4200;
08/08/2021;84,4200;
09/08/2021;84,4200;
10/08/2021;84,6700;
11/08/2021;84,7600;
12/08/2021;84,8500;
13/08/2021;84,9300;
14/08/2021;85,0200;
15/08/2021;85,0200;
16/08/2021;85,0200;
17/08/2021;85,0200;
18/08/2021;85,3500;
19/08/2021;85,4400;
20/08/2021;85,5200;
21/08/2021;85,6000;
22/08/2021;85,6000;
23/08/2021;85,6000;
24/08/2021;85,8400;
25/08/2021;85,9300;
26/08/2021;86,0100;
27/08/2021;86,0900;
28/08/2021;86,1700;
29/08/2021;86,1700;
30/08/2021;86,1700;
31/08/2021;86,4200;
01/09/2021;86,5000;
02/09/2021;86,5800;
03/09/2021;86,6700;
04/09/2021;86,7500;
05/09/2021;86,7500;
06/09/2021;86,7500;
07/09/2021;87,0000;
08/09/2021;87,0800;
09/09/2021;87,1600;
10/09/2021;87,2500;
11/09/2021;87,3300;
12/09/2021;87,3300;
13/09/2021;87,3300;
14/09/2021;87,5800;
15/09/2021;87,6600;
16/09/2021;87,7500;
17/09/2021;87,8200;
18/09/2021;87,8900;
19/09/2021;87,8900;
20/09/2021;87,8900;
21/09/2021;88,1100;
22/09/2021;88,1800;
23/09/2021;88,2500;
24/09/2021;88,3300;
25/09/2021;88,4000;
26/09/2021;88,4000;
27/09/2021;88,4000;
28/09/2021;88,6200;
29/09/2021;88,6900;
30/09/2021;88,7600;
01/10/2021;88,8400;
02/10/2021;88,9100;
03/10/2021;88,9100;
04/10/2021;88,9100;
05/10/2021;89,1300;
06/10/2021;89,2000;
07/10/2021;89,2800;
08/10/2021;89,3500;
09/10/2021;89,3500;
10/10/2021;89,3500;
11/10/2021;89,3500;
12/10/2021;89,3500;
13/10/2021;89,7200;
14/10/2021;89,7900;
15/10/2021;89,8700;
16/10/2021;89,9400;
17/10/2021;89,9400;
18/10/2021;89,9400;
19/10/2021;90,2400;
20/10/2021;90,3400;
21/10/2021;90,4400;
22/10/2021;90,5400;
23/10/2021;90,6400;
24/10/2021;90,6400;
25/10/2021;90,6400;
26/10/2021;90,9500;
27/10/2021;91,0500;
28/10/2021;91,1500;
29/10/2021;91,2500;
30/10/2021;91,3500;
31/10/2021;91,3500;
01/11/2021;91,3500;
02/11/2021;91,6500;
03/11/2021;91,7600;
04/11/2021;91,8600;
05/11/2021;91,9600;
06/11/2021;92,0600;
07/11/2021;92,0600;
08/11/2021;92,0600;
09/11/2021;92,3700;
10/11/2021;92,4700;
11/11/2021;92,5700;
12/11/2021;92,6800;
13/11/2021;92,7800;
14/11/2021;92,7800;
15/11/2021;92,7800;
16/11/2021;93,0900;
17/11/2021;93,2000;
18/11/2021;93,3000;
19/11/2021;93,4100;
20/11/2021;93,5200;
21/11/2021;93,5200;
22/11/2021;93,5200;
23/11/2021;93,5200;
24/11/2021;93,9500;
25/11/2021;94,0600;
26/11/2021;94,1600;
27/11/2021;94,2700;
28/11/2021;94,2700;
29/11/2021;94,2700;
30/11/2021;94,6000;
01/12/2021;94,7000;
02/12/2021;94,8100;
03/12/2021;94,9200;
04/12/2021;95,0300;
05/12/2021;95,0300;
06/12/2021;95,0300;
07/12/2021;95,3600;
08/12/2021;95,4700;
09/12/2021;95,4700;
10/12/2021;95,6900;
11/12/2021;95,8000;
12/12/2021;95,8000;
13/12/2021;95,8000;
14/12/2021;96,1300;
15/12/2021;96,2400;
16/12/2021;96,3500;
17/12/2021;96,4200;
18/12/2021;96,5000;
19/12/2021;96,5000;
20/12/2021;96,5000;
21/12/2021;96,7300;
22/12/2021;96,8100;
23/12/2021;96,8900;
24/12/2021;96,9600;
25/12/2021;97,0400;
26/12/2021;97,0400;
27/12/2021;97,0400;
28/12/2021;97,2700;
29/12/2021;97,3500;
30/12/2021;97,4300;
31/12/2021;97,5100;
01/01/2022;97,5800;
02/01/2022;97,5800;
03/01/2022;97,5800;
04/01/2022;97,8200;
05/01/2022;97,8900;
06/01/2022;97,9700;
07/01/2022;98,0500;
08/01/2022;98,1300;
09/01/2022;98,1300;
10/01/2022;98,1300;
11/01/2022;98,3600;
12/01/2022;98,4400;
13/01/2022;98,5200;
14/01/2022;98,6000;
15/01/2022;98,6800;
16/01/2022;98,6800;
17/01/2022;98,6800;
18/01/2022;98,9900;
19/01/2022;99,1100;
20/01/2022;99,2300;
21/01/2022;99,3500;
22/01/2022;99,4700;
23/01/2022;99,4700;
24/01/2022;99,4700;
25/01/2022;99,8300;
26/01/2022;99,9500;
27/01/2022;100,0700;
28/01/2022;100,1900;
29/01/2022;100,3100;
30/01/2022;100,3100;
31/01/2022;100,3100;
01/02/2022;100,6800;
02/02/2022;100,8000;
03/02/2022;100,9200;
04/02/2022;101,0400;
05/02/2022;101,1600;
06/02/2022;101,1600;
07/02/2022;101,1600;
08/02/2022;101,5300;
09/02/2022;101,6500;
10/02/2022;101,7700;
11/02/2022;101,8900;
12/02/2022;102,0200;
13/02/2022;102,0200;
14/02/2022;102,0200;
15/02/2022;102,3900;
16/02/2022;102,5100;
17/02/2022;102,6500;
18/02/2022;102,7900;
19/02/2022;102,9300;
20/02/2022;102,9300;
21/02/2022;102,9300;
22/02/2022;103,3500;
23/02/2022;103,4900;
24/02/2022;103,6400;
25/02/2022;103,7800;
26/02/2022;103,9200;
27/02/2022;103,9200;
28/02/2022;103,9200;
01/03/2022;103,9200;
02/03/2022;103,9200;
03/03/2022;104,6300;
04/03/2022;104,7700;
05/03/2022;104,9200;
06/03/2022;104,9200;
07/03/2022;104,9200;
08/03/2022;105,3500;
09/03/2022;105,4900;
10/03/2022;105,6400;
11/03/2022;105,7800;
12/03/2022;105,9300;
13/03/2022;105,9300;
14/03/2022;105,9300;
15/03/2022;106,3600;
16/03/2022;106,5100;
17/03/2022;106,6600;
18/03/2022;106,8200;
19/03/2022;106,9800;
20/03/2022;106,9800;
21/03/2022;106,9800;
22/03/2022;107,4600;
23/03/2022;107,6200;
24/03/2022;107,7800;
25/03/2022;107,7800;
26/03/2022;108,1000;
27/03/2022;108,1000;
28/03/2022;108,1000;
29/03/2022;108,5800;
30/03/2022;108,7400;
31/03/2022;108,9000;
01/04/2022;109,0600;
02/04/2022;109,2200;
03/04/2022;109,2200;
04/04/2022;109,2200;
05/04/2022;109,7100;
06/04/2022;109,8700;
07/04/2022;110,0400;
08/04/2022;110,2000;
09/04/2022;110,3600;
10/04/2022;110,3600;
11/04/2022;110,3600;
12/04/2022;110,8500;
13/04/2022;111,0200;
14/04/2022;111,1800;
15/04/2022;111,1800;
16/04/2022;111,1800;
17/04/2022;111,1800;
18/04/2022;111,1800;
19/04/2022;112,2400;
20/04/2022;112,4800;
21/04/2022;112,7200;
22/04/2022;112,9700;
23/04/2022;113,2100;
24/04/2022;113,2100;
25/04/2022;113,2100;
26/04/2022;113,9500;
27/04/2022;114,2000;
28/04/2022;114,4400;
29/04/2022;114,6900;
30/04/2022;114,9400;
01/05/2022;114,9400;
02/05/2022;114,9400;
03/05/2022;115,6900;
04/05/2022;115,9400;
05/05/2022;116,1900;
06/05/2022;116,4400;
07/05/2022;116,6900;
08/05/2022;116,6900;
09/05/2022;116,6900;
10/05/2022;117,4500;
11/05/2022;117,7000;
12/05/2022;117,9600;
13/05/2022;118,2100;
14/05/2022;118,4700;
15/05/2022;118,4700;
16/05/2022;118,4700;
17/05/2022;119,2100;
18/05/2022;119,4300;
19/05/2022;119,4300;
20/05/2022;119,8800;
21/05/2022;120,1100;
22/05/2022;120,1100;
23/05/2022;120,1100;
24/05/2022;120,7900;
25/05/2022;121,0100;
26/05/2022;121,0100;
27/05/2022;121,4700;
28/05/2022;121,7000;
29/05/2022;121,7000;
30/05/2022;121,7000;
31/05/2022;122,3900;
01/06/2022;122,6200;
02/06/2022;122,8500;
03/06/2022;123,0800;
04/06/2022;123,3100;
05/06/2022;123,3100;
06/06/2022;123,3100;
07/06/2022;124,0100;
08/06/2022;124,2400;
09/06/2022;124,4700;
10/06/2022;124,7100;
11/06/2022;124,9400;
12/06/2022;124,9400;
13/06/2022;124,9400;
14/06/2022;125,6500;
15/06/2022;125,8900;
16/06/2022;126,1200;
17/06/2022;126,3300;
18/06/2022;126,3300;
19/06/2022;126,3300;
20/06/2022;126,3300;
21/06/2022;126,3300;
22/06/2022;127,3800;
23/06/2022;127,6000;
24/06/2022;127,8100;
25/06/2022;128,0200;
26/06/2022;128,0200;
27/06/2022;128,0200;
28/06/2022;128,6600;
29/06/2022;128,8700;
30/06/2022;129,0800;
01/07/2022;129,3000;
02/07/2022;129,5100;
03/07/2022;129,5100;
04/07/2022;129,5100;
05/07/2022;130,1600;
06/07/2022;130,3800;
07/07/2022;130,5900;
08/07/2022;130,8100;
09/07/2022;131,0300;
10/07/2022;131,0300;
11/07/2022;131,0300;
12/07/2022;131,6800;
13/07/2022;131,9000;
14/07/2022;132,1200;
15/07/2022;132,3400;
16/07/2022;132,5600;
17/07/2022;132,5600;
18/07/2022;132,5600;
19/07/2022;133,2200;
20/07/2022;133,4400;
21/07/2022;133,6600;
22/07/2022;133,8900;
23/07/2022;134,1100;
24/07/2022;134,1100;
25/07/2022;134,1100;
26/07/2022;134,7800;
27/07/2022;135,0100;
28/07/2022;135,2300;
29/07/2022;135,4600;
30/07/2022;135,6800;
31/07/2022;135,6800;
01/08/2022;135,6800;
02/08/2022;136,3600;
03/08/2022;136,5900;
04/08/2022;136,8200;
05/08/2022;137,0500;
06/08/2022;137,2700;
07/08/2022;137,2700;
08/08/2022;137,2700;
09/08/2022;137,9600;
10/08/2022;138,1900;
11/08/2022;138,4200;
12/08/2022;138,6500;
13/08/2022;138,8800;
14/08/2022;138,8800;
15/08/2022;138,8800;
16/08/2022;138,8800;
17/08/2022;139,9000;
18/08/2022;140,2300;
19/08/2022;140,5500;
20/08/2022;140,8700;
21/08/2022;140,8700;
22/08/2022;140,8700;
23/08/2022;141,8500;
24/08/2022;142,1800;
25/08/2022;142,5000;
26/08/2022;142,8300;
27/08/2022;143,1600;
28/08/2022;143,1600;
29/08/2022;143,1600;
30/08/2022;144,1500;
31/08/2022;144,4900;
01/09/2022;144,8200;
02/09/2022;145,1500;
03/09/2022;145,4900;
04/09/2022;145,4900;
05/09/2022;145,4900;
06/09/2022;146,5000;
07/09/2022;146,8300;
08/09/2022;147,1700;
09/09/2022;147,5100;
10/09/2022;147,8500;
11/09/2022;147,8500;
12/09/2022;147,8500;
13/09/2022;148,8800;
14/09/2022;149,2200;
15/09/2022;149,5600;
16/09/2022;149,9100;
17/09/2022;150,2500;
18/09/2022;150,2500;
19/09/2022;150,2500;
20/09/2022;151,2700;
21/09/2022;151,6100;
22/09/2022;151,9500;
23/09/2022;152,3000;
24/09/2022;152,6400;
25/09/2022;152,6400;
26/09/2022;152,6400;
27/09/2022;153,6800;
28/09/2022;154,0200;
29/09/2022;154,3700;
30/09/2022;154,7200;
01/10/2022;155,0700;
02/10/2022;155,0700;
03/10/2022;155,0700;
04/10/2022;156,1200;
05/10/2022;156,4700;
06/10/2022;156,8300;
07/10/2022;157,1800;
08/10/2022;157,1800;
09/10/2022;157,1800;
10/10/2022;157,1800;
11/10/2022;157,1800;
12/10/2022;158,9600;
13/10/2022;159,3200;
14/10/2022;159,6800;
15/10/2022;160,0400;
16/10/2022;160,0400;
17/10/2022;160,0400;
18/10/2022;161,0300;
19/10/2022;161,3400;
20/10/2022;161,6500;
21/10/2022;161,9700;
22/10/2022;162,2800;
23/10/2022;162,2800;
24/10/2022;162,2800;
25/10/2022;163,2300;
26/10/2022;163,5500;
27/10/2022;163,8600;
28/10/2022;164,1800;
29/10/2022;164,5000;
30/10/2022;164,5000;
31/10/2022;164,5000;
01/11/2022;165,4600;
02/11/2022;165,7800;
03/11/2022;166,1000;
04/11/2022;166,4300;
05/11/2022;166,7500;
06/11/2022;166,7500;
07/11/2022;166,7500;
08/11/2022;167,7200;
09/11/2022;168,0500;
10/11/2022;168,3800;
11/11/2022;168,7000;
12/11/2022;169,0300;
13/11/2022;169,0300;
14/11/2022;169,0300;
15/11/2022;170,0200;
16/11/2022;170,3500;
17/11/2022;170,7000;
18/11/2022;171,0400;
19/11/2022;171,3900;
20/11/2022;171,3900;
21/11/2022;171,3900;
22/11/2022;171,3900;
23/11/2022;172,7900;
24/11/2022;173,1500;
25/11/2022;173,5000;
26/11/2022;173,8500;
27/11/2022;173,8500;
28/11/2022;173,8500;
29/11/2022;174,9200;
30/11/2022;175,2800;
01/12/2022;175,6300;
02/12/2022;175,9900;
03/12/2022;176,3500;
04/12/2022;176,3500;
05/12/2022;176,3500;
06/12/2022;177,4300;
07/12/2022;177,7900;
08/12/2022;178,1500;
09/12/2022;178,1500;
10/12/2022;178,1500;
11/12/2022;178,1500;
12/12/2022;178,1500;
13/12/2022;179,9800;
14/12/2022;180,3400;
15/12/2022;180,7100;
16/12/2022;181,0800;
17/12/2022;181,3600;
18/12/2022;181,3600;
19/12/2022;181,3600;
20/12/2022;182,2000;
21/12/2022;182,4800;
22/12/2022;182,7600;
23/12/2022;183,0500;
24/12/2022;183,3300;
25/12/2022;183,3300;
26/12/2022;183,3300;
27/12/2022;184,1800;
28/12/2022;184,4600;
29/12/2022;184,7500;
30/12/2022;185,0300;
31/12/2022;185,3200;
01/01/2023;185,3200;
02/01/2023;185,3200;
03/01/2023;186,1800;
04/01/2023;186,4700;
05/01/2023;186,7600;
06/01/2023;187,0400;
07/01/2023;187,3300;
08/01/2023;187,3300;
09/01/2023;187,3300;
10/01/2023;188,2000;
11/01/2023;188,4900;
12/01/2023;188,7800;
13/01/2023;189,0800;
14/01/2023;189,3700;
15/01/2023;189,3700;
16/01/2023;189,3700;
17/01/2023;190,2600;
18/01/2023;190,5600;
19/01/2023;190,8700;
20/01/2023;191,1800;
21/01/2023;191,4800;
22/01/2023;191,4800;
23/01/2023;191,4800;
24/01/2023;192,4100;
25/01/2023;192,7200;
26/01/2023;193,0300;
27/01/2023;193,3400;
28/01/2023;193,6500;
29/01/2023;193,6500;
30/01/2023;193,6500;
31/01/2023;194,5800;
01/02/2023;194,8900;
02/02/2023;195,2100;
03/02/2023;195,5200;
04/02/2023;195,8300;
05/02/2023;195,8300;
06/02/2023;195,8300;
07/02/2023;196,7800;
08/02/2023;197,0900;
09/02/2023;197,4100;
10/02/2023;197,7300;
11/02/2023;198,0500;
12/02/2023;198,0500;
13/02/2023;198,0500;
14/02/2023;199,0000;
15/02/2023;199,3200;
16/02/2023;199,6400;
17/02/2023;200,0600;
18/02/2023;200,4700;
19/02/2023;200,4700;
20/02/2023;200,4700;
21/02/2023;200,4700;
22/02/2023;200,4700;
23/02/2023;202,5700;
24/02/2023;202,9900;
25/02/2023;203,4200;
26/02/2023;203,4200;
27/02/2023;203,4200;
28/02/2023;204,6900;
01/03/2023;205,1200;
02/03/2023;205,5400;
03/03/2023;205,9700;
04/03/2023;206,4000;
05/03/2023;206,4000;
06/03/2023;206,4000;
07/03/2023;207,6900;
08/03/2023;208,1300;
09/03/2023;208,5600;
10/03/2023;208,9900;
11/03/2023;209,4300;
12/03/2023;209,4300;
13/03/2023;209,4300;
14/03/2023;210,7400;
15/03/2023;211,1800;
16/03/2023;211,6200;
17/03/2023;212,0600;
18/03/2023;212,4900;
19/03/2023;212,4900;
20/03/2023;212,4900;
21/03/2023;213,8100;
22/03/2023;214,2500;
23/03/2023;214,7000;
24/03/2023;215,1400;
25/03/2023;215,1400;
26/03/2023;215,1400;
27/03/2023;215,1400;
28/03/2023;216,9200;
29/03/2023;217,3700;
30/03/2023;217,8200;
31/03/2023;218,2700;
01/04/2023;218,7200;
02/04/2023;218,7200;
03/04/2023;218,7200;
04/04/2023;220,0700;
05/04/2023;220,5300;
06/04/2023;220,9800;
07/04/2023;220,9800;
08/04/2023;220,9800;
09/04/2023;220,9800;
10/04/2023;220,9800;
11/04/2023;223,2700;
12/04/2023;223,7300;
13/04/2023;224,2000;
14/04/2023;224,6600;
15/04/2023;225,1200;
16/04/2023;225,1200;
17/04/2023;225,1200;
18/04/2023;226,7000;
19/04/2023;227,2700;
20/04/2023;227,8300;
21/04/2023;228,3900;
22/04/2023;228,9600;
23/04/2023;228,9600;
24/04/2023;228,9600;
25/04/2023;230,6600;
26/04/2023;231,2300;
27/04/2023;231,8100;
28/04/2023;232,3800;
29/04/2023;232,9600;
30/04/2023;232,9600;
01/05/2023;232,9600;
02/05/2023;232,9600;
03/05/2023;235,2700;
04/05/2023;235,8500;
05/05/2023;236,4400;
06/05/2023;237,0200;
07/05/2023;237,0200;
08/05/2023;237,0200;
09/05/2023;238,7900;
10/05/2023;239,3800;
11/05/2023;239,9700;
12/05/2023;240,5700;
13/05/2023;241,1600;
14/05/2023;241,1600;
15/05/2023;241,1600;
16/05/2023;242,9600;
17/05/2023;243,5900;
18/05/2023;244,2200;
19/05/2023;244,8600;
20/05/2023;245,5000;
21/05/2023;245,5000;
22/05/2023;245,5000;
23/05/2023;247,4200;
24/05/2023;248,0700;
25/05/2023;248,7100;
26/05/2023;248,7100;
27/05/2023;248,7100;
28/05/2023;248,7100;
29/05/2023;248,7100;
30/05/2023;251,9700;
31/05/2023;252,6300;
01/06/2023;253,2800;
02/06/2023;253,9400;
03/06/2023;254,6100;
04/06/2023;254,6100;
05/06/2023;254,6100;
06/06/2023;256,6000;
07/06/2023;257,2700;
08/06/2023;257,9400;
09/06/2023;258,6100;
10/06/2023;259,2900;
11/06/2023;259,2900;
12/06/2023;259,2900;
13/06/2023;261,3200;
14/06/2023;262,0000;
15/06/2023;262,6800;
16/06/2023;263,3600;
17/06/2023;264,0200;
18/06/2023;264,0200;
19/06/2023;264,0200;
20/06/2023;264,0200;
21/06/2023;264,0200;
22/06/2023;267,3500;
23/06/2023;268,0200;
24/06/2023;268,6900;
25/06/2023;268,6900;
26/06/2023;268,6900;
27/06/2023;270,7200;
28/06/2023;271,4000;
29/06/2023;272,0800;
30/06/2023;272,7600;
01/07/2023;273,4400;
02/07/2023;273,4400;
03/07/2023;273,4400;
04/07/2023;275,5000;
05/07/2023;276,2000;
06/07/2023;276,8900;
07/07/2023;277,5800;
08/07/2023;278,2800;
09/07/2023;278,2800;
10/07/2023;278,2800;
11/07/2023;280,3800;
12/07/2023;281,0800;
13/07/2023;281,7800;
14/07/2023;282,4900;
15/07/2023;283,2000;
16/07/2023;283,2000;
17/07/2023;283,2000;
18/07/2023;284,9800;
19/07/2023;285,5100;
20/07/2023;286,0500;
21/07/2023;286,5900;
22/07/2023;287,1300;
23/07/2023;287,1300;
24/07/2023;287,1300;
25/07/2023;288,7500;
26/07/2023;289,2900;
27/07/2023;289,8400;
28/07/2023;290,3800;
29/07/2023;290,9300;
30/07/2023;290,9300;
31/07/2023;290,9300;
01/08/2023;292,5800;
02/08/2023;293,1300;
03/08/2023;293,6800;
04/08/2023;294,2300;
05/08/2023;294,7800;
06/08/2023;294,7800;
07/08/2023;294,7800;
08/08/2023;296,4500;
09/08/2023;297,0100;
10/08/2023;297,5700;
11/08/2023;298,1300;
12/08/2023;298,6900;
13/08/2023;298,6900;
14/08/2023;298,6900;
15/08/2023;300,3800;
16/08/2023;300,9400;
17/08/2023;301,5400;
18/08/2023;302,1300;
19/08/2023;302,7300;
20/08/2023;302,7300;
21/08/2023;302,7300;
22/08/2023;302,7300;
23/08/2023;305,1200;
24/08/2023;305,7200;
25/08/2023;306,3300;
26/08/2023;306,9300;
27/08/2023;306,9300;
28/08/2023;306,9300;
29/08/2023;308,7500;
30/08/2023;309,3600;
31/08/2023;309,9700;
01/09/2023;310,5800;
02/09/2023;311,2000;
03/09/2023;311,2000;
04/09/2023;311,2000;
05/09/2023;313,0400;
06/09/2023;313,6600;
07/09/2023;314,2800;
08/09/2023;314,9000;
09/09/2023;315,5200;
10/09/2023;315,5200;
11/09/2023;315,5200;
12/09/2023;317,3900;
13/09/2023;318,0200;
14/09/2023;318,6400;
15/09/2023;319,2700;
16/09/2023;319,9000;
17/09/2023;319,9000;
18/09/2023;319,9000;
19/09/2023;323,6600;
20/09/2023;324,9300;
21/09/2023;326,1900;
22/09/2023;327,4700;
23/09/2023;328,7500;
24/09/2023;328,7500;
25/09/2023;328,7500;
26/09/2023;332,6100;
27/09/2023;333,9100;
28/09/2023;335,2100;
29/09/2023;336,5200;
30/09/2023;337,8400;
01/10/2023;337,8400;
02/10/2023;337,8400;
03/10/2023;341,8100;
04/10/2023;343,1400;
05/10/2023;344,4800;
06/10/2023;345,8300;
07/10/2023;347,1800;
08/10/2023;347,1800;
09/10/2023;347,1800;
10/10/2023;351,2600;
11/10/2023;352,6300;
12/10/2023;354,0100;
13/10/2023;355,3900;
14/10/2023;355,3900;
15/10/2023;355,3900;
16/10/2023;355,3900;
17/10/2023;355,3900;
18/10/2023;362,3500;
19/10/2023;363,7500;
20/10/2023;365,1600;
21/10/2023;366,5700;
22/10/2023;366,5700;
23/10/2023;366,5700;
24/10/2023;370,8400;
25/10/2023;372,2700;
26/10/2023;373,7100;
27/10/2023;375,1500;
28/10/2023;376,6000;
29/10/2023;376,6000;
30/10/2023;376,6000;
31/10/2023;380,9800;
01/11/2023;382,4600;
02/11/2023;383,9300;
03/11/2023;385,4200;
04/11/2023;386,9100;
05/11/2023;386,9100;
06/11/2023;386,9100;
07/11/2023;386,9100;
08/11/2023;392,9200;
09/11/2023;394,4400;
10/11/2023;395,9600;
11/11/2023;397,4900;
12/11/2023;397,4900;
13/11/2023;397,4900;
14/11/2023;402,1200;
15/11/2023;403,6700;
16/11/2023;405,2300;
17/11/2023;406,3100;
18/11/2023;407,3900;
19/11/2023;407,3900;
20/11/2023;407,3900;
21/11/2023;407,3900;
22/11/2023;411,7500;
23/11/2023;412,8400;
24/11/2023;413,9400;
25/11/2023;415,0400;
26/11/2023;415,0400;
27/11/2023;415,0400;
28/11/2023;418,3700;
29/11/2023;419,4800;
30/11/2023;420,6000;
01/12/2023;421,7200;
02/12/2023;422,8400;
03/12/2023;422,8400;
04/12/2023;422,8400;
05/12/2023;426,2200;
06/12/2023;427,3600;
07/12/2023;428,4900;
08/12/2023;429,6400;
09/12/2023;429,6400;
10/12/2023;429,6400;
11/12/2023;429,6400;
12/12/2023;434,2300;
13/12/2023;435,3800;
14/12/2023;436,5400;
15/12/2023;437,7000;
16/12/2023;438,8700;
17/12/2023;438,8700;
18/12/2023;438,8700;
19/12/2023;444,0100;
20/12/2023;445,7400;
21/12/2023;447,4800;
22/12/2023;449,2200;
23/12/2023;450,9700;
24/12/2023;450,9700;
25/12/2023;450,9700;
26/12/2023;450,9700;
27/12/2023;458,0300;
28/12/2023;459,8100;
29/12/2023;461,6000;
30/12/2023;463,4000;
31/12/2023;463,4000;
01/01/2024;463,4000;
02/01/2024;463,4000;
03/01/2024;470,6600;
04/01/2024;472,4900;
05/01/2024;474,3300;
06/01/2024;476,1800;
07/01/2024;476,1800;
08/01/2024;476,1800;
09/01/2024;481,7600;
10/01/2024;483,6400;
11/01/2024;485,5200;
12/01/2024;487,4100;
13/01/2024;489,3100;
14/01/2024;489,3100;
15/01/2024;489,3100;
16/01/2024;495,0400;
17/01/2024;498,6800;
18/01/2024;502,3500;
19/01/2024;506,0500;
20/01/2024;509,7700;
21/01/2024;509,7700;
22/01/2024;509,7700;
23/01/2024;521,1000;
24/01/2024;524,9300;
25/01/2024;528,7900;
26/01/2024;532,6800;
27/01/2024;536,5900;
28/01/2024;536,5900;
29/01/2024;536,5900;
30/01/2024;548,5200;
31/01/2024;552,5500;
01/02/2024;556,6200;
02/02/2024;560,7100;
03/02/2024;564,8300;
04/02/2024;564,8300;
05/02/2024;564,8300;
06/02/2024;577,3900;
07/02/2024;581,6300;
08/02/2024;585,9100;
09/02/2024;590,2200;
10/02/2024;594,5600;
11/02/2024;594,5600;
12/02/2024;594,5600;
13/02/2024;594,5600;
14/02/2024;594,5600;
15/02/2024;616,7400;
16/02/2024;621,2800;
17/02/2024;625,3100;
18/02/2024;625,3100;
19/02/2024;625,3100;
20/02/2024;637,5400;
21/02/2024;641,6700;
22/02/2024;645,8300;
23/02/2024;650,0100;
24/02/2024;654,2300;
25/02/2024;654,2300;
26/02/2024;654,2300;
27/02/2024;667,0300;
28/02/2024;671,3500;
29/02/2024;675,7000;
01/03/2024;680,0800;
02/03/2024;684,4800;
03/03/2024;684,4800;
04/03/2024;684,4800;
05/03/2024;697,8800;
06/03/2024;702,4000;
07/03/2024;706,9500;
08/03/2024;711,5300;
09/03/2024;716,1400;
10/03/2024;716,1400;
11/03/2024;716,1400;
12/03/2024;730,1500;
13/03/2024;734,8800;
14/03/2024;739,6500;
15/03/2024;744,4400;
16/03/2024;749,2600;
17/03/2024;749,2600;
18/03/2024;749,2600;
19/03/2024;758,3100;
20/03/2024;761,3500;
21/03/2024;764,4000;
22/03/2024;767,4600;
23/03/2024;770,5400;
24/03/2024;770,5400;
25/03/2024;770,5400;
26/03/2024;779,8400;
27/03/2024;782,9600;
28/03/2024;786,1000;
29/03/2024;786,1000;
30/03/2024;786,1000;
31/03/2024;786,1000;
01/04/2024;786,1000;
02/04/2024;786,1000;
03/04/2024;786,1000;
04/04/2024;808,4200;
05/04/2024;811,6600;
06/04/2024;814,9100;
07/04/2024;814,9100;
08/04/2024;814,9100;
09/04/2024;824,7500;
10/04/2024;828,0500;
11/04/2024;831,3700;
12/04/2024;834,7000;
13/04/2024;838,0500;
14/04/2024;838,0500;
15/04/2024;838,0500;
16/04/2024;848,1700;
17/04/2024;851,1200;
18/04/2024;854,0900;
19/04/2024;857,0600;
20/04/2024;860,0500;
21/04/2024;860,0500;
22/04/2024;860,0500;
23/04/2024;869,0700;
24/04/2024;872,1000;
25/04/2024;875,1400;
26/04/2024;878,1900;
27/04/2024;881,2500;
28/04/2024;881,2500;
29/04/2024;881,2500;
30/04/2024;890,4900;
01/05/2024;893,6000;
02/05/2024;893,6000;
03/05/2024;899,8400;
04/05/2024;902,9700;
05/05/2024;902,9700;
06/05/2024;902,9700;
07/05/2024;912,4500;
08/05/2024;915,6200;
09/05/2024;918,8200;
10/05/2024;922,0200;
11/05/2024;925,2300;
12/05/2024;925,2300;
13/05/2024;925,2300;
14/05/2024;934,9400;
15/05/2024;938,1900;
16/05/2024;941,4600;
17/05/2024;944,0300;
18/05/2024;946,6000;
19/05/2024;946,6000;
20/05/2024;946,6000;
21/05/2024;954,3600;
22/05/2024;956,9600;
23/05/2024;959,5700;
24/05/2024;962,1800;
25/05/2024;964,8000;
26/05/2024;964,8000;
27/05/2024;964,8000;
28/05/2024;972,7100;
29/05/2024;975,3600;
30/05/2024;978,0200;
31/05/2024;980,6800;
01/06/2024;983,3500;
02/06/2024;983,3500;
03/06/2024;983,3500;
04/06/2024;991,4100;
05/06/2024;994,1100;
06/06/2024;996,8200;
07/06/2024;999,5400;
08/06/2024;1002,2600;
09/06/2024;1002,2600;
10/06/2024;1002,2600;
11/06/2024;1010,4700;
12/06/2024;1013,2300;
13/06/2024;1015,9900;
14/06/2024;1018,7500;
15/06/2024;1021,5300;
16/06/2024;1021,5300;
17/06/2024;1021,5300;
18/06/2024;1021,5300;
19/06/2024;1028,5400;
20/06/2024;1029,9500;
21/06/2024;1029,9500;
22/06/2024;1029,9500;
23/06/2024;1029,9500;
24/06/2024;1029,9500;
25/06/2024;1037,0300;
26/06/2024;1038,4600;
27/06/2024;1039,8800;
28/06/2024;1041,3100;
29/06/2024;1042,7400;
30/06/2024;1042,7400;
01/07/2024;1042,7400;
02/07/2024;1047,0400;
03/07/2024;1048,4700;
04/07/2024;1049,9100;
05/07/2024;1051,3500;
06/07/2024;1052,8000;
07/07/2024;1052,8000;
08/07/2024;1052,8000;
09/07/2024;1057,1400;
10/07/2024;1057,1400;
11/07/2024;1060,0400;
12/07/2024;1061,5000;
13/07/2024;1062,9500;
14/07/2024;1062,9500;
15/07/2024;1062,9500;
16/07/2024;1067,3300;
17/07/2024;1068,8800;
18/07/2024;1070,4400;
19/07/2024;1071,9900;
20/07/2024;1073,5500;
21/07/2024;1073,5500;
22/07/2024;1073,5500;
23/07/2024;1078,2300;
24/07/2024;1079,7900;
25/07/2024;1081,3600;
26/07/2024;1082,9300;
27/07/2024;1084,5000;
28/07/2024;1084,5000;
29/07/2024;1084,5000;
30/07/2024;1089,2300;
31/07/2024;1090,8200;
01/08/2024;1092,4000;
02/08/2024;1093,9800;
03/08/2024;1095,5700;
04/08/2024;1095,5700;
05/08/2024;1095,5700;
06/08/2024;1100,3500;
07/08/2024;1101,9500;
08/08/2024;1103,5500;
09/08/2024;1105,1500;
10/08/2024;1106,7600;
11/08/2024;1106,7600;
12/08/2024;1106,7600;
13/08/2024;1111,5800;
14/08/2024;1113,2000;
15/08/2024;1114,8100;
16/08/2024;1116,4300;
17/08/2024;1117,8400;
18/08/2024;1117,8400;
19/08/2024;1117,8400;
20/08/2024;1122,1000;
21/08/2024;1123,5200;
22/08/2024;1124,9400;
23/08/2024;1126,3600;
24/08/2024;1127,7900;
25/08/2024;1127,7900;
26/08/2024;1127,7900;
27/08/2024;1132,0800;
28/08/2024;1133,5100;
29/08/2024;1134,9500;
30/08/2024;1136,3800;
31/08/2024;1137,8200;
01/09/2024;1137,8200;
02/09/2024;1137,8200;
03/09/2024;1142,1500;
04/09/2024;1143,5900;
05/09/2024;1145,0400;
06/09/2024;1146,4900;
07/09/2024;1147,9400;
08/09/2024;1147,9400;
09/09/2024;1147,9400;
10/09/2024;1152,3100;
11/09/2024;1153,7700;
12/09/2024;1155,2300;
13/09/2024;1156,6900;
14/09/2024;1158,1500;
15/09/2024;1158,1500;
16/09/2024;1158,1500;
17/09/2024;1162,6800;
18/09/2024;1164,2800;
19/09/2024;1165,8800;
20/09/2024;1167,4800;
21/09/2024;1169,0800;
22/09/2024;1169,0800;
23/09/2024;1169,0800;
24/09/2024;1173,9000;
25/09/2024;1175,5100;
26/09/2024;1177,1200;
27/09/2024;1178,7400;
28/09/2024;1180,3500;
29/09/2024;1180,3500;
30/09/2024;1180,3500;
01/10/2024;1185,2200;
02/10/2024;1186,8500;
03/10/2024;1188,4800;
04/10/2024;1190,1100;
05/10/2024;1191,7400;
06/10/2024;1191,7400;
07/10/2024;1191,7400;
08/10/2024;1196,6500;
09/10/2024;1198,3000;
10/10/2024;1199,9400;
11/10/2024;1201,5900;
12/10/2024;1201,5900;
13/10/2024;1201,5900;
14/10/2024;1201,5900;
15/10/2024;1208,2000;
16/10/2024;1209,8500;
17/10/2024;1211,2000;
18/10/2024;1212,5400;
19/10/2024;1213,8900;
20/10/2024;1213,8900;
21/10/2024;1213,8900;
22/10/2024;1217,9400;
23/10/2024;1219,2900;
24/10/2024;1220,6400;
25/10/2024;1222,0000;
26/10/2024;1223,3600;
27/10/2024;1223,3600;
28/10/2024;1223,3600;
29/10/2024;1227,4300;
30/10/2024;1228,8000;
31/10/2024;1230,1600;
01/11/2024;1231,5300;
02/11/2024;1232,9000;
03/11/2024;1232,9000;
04/11/2024;1232,9000;
05/11/2024;1237,0100;
06/11/2024;1238,3800;
07/11/2024;1238,3800;
08/11/2024;1241,1300;
09/11/2024;1242,5100;
10/11/2024;1242,5100;
11/11/2024;1242,5100;
12/11/2024;1246,6500;
13/11/2024;1248,0400;
14/11/2024;1249,4200;
15/11/2024;1250,8100;
16/11/2024;1252,2000;
17/11/2024;1252,2000;
18/11/2024;1252,2000;
19/11/2024;1252,2000;
20/11/2024;1256,6600;
21/11/2024;1257,7700;
22/11/2024;1258,8900;
23/11/2024;1260,0100;
24/11/2024;1260,0100;
25/11/2024;1260,0100;
26/11/2024;1263,3700;
27/11/2024;1264,4900;
28/11/2024;1265,6100;
29/11/2024;1266,7400;
30/11/2024;1267,8600;
01/12/2024;1267,8600;
02/12/2024;1267,8600;
03/12/2024;1271,2500;
04/12/2024;1272,3800;
05/12/2024;1273,5100;
06/12/2024;1274,6400;
07/12/2024;1275,7700;
08/12/2024;1275,7700;
09/12/2024;1275,7700;
10/12/2024;1279,1700;
11/12/2024;1280,3100;
12/12/2024;1281,4500;
13/12/2024;1282,5900;
14/12/2024;1283,7300;
15/12/2024;1283,7300;
16/12/2024;1283,7300;
17/12/2024;1286,9900;
18/12/2024;1287,9800;
19/12/2024;1288,9600;
20/12/2024;1289,9500;
21/12/2024;1290,9400;
22/12/2024;1290,9400;
23/12/2024;1290,9400;
24/12/2024;1293,9000;
25/12/2024;1294,8900;
26/12/2024;1294,8900;
27/12/2024;1296,8800;
28/12/2024;1297,8700;
29/12/2024;1297,8700;
30/12/2024;1297,8700;
31/12/2024;1300,8500;
01/01/2025;1301,8500;
02/01/2025;1301,8500;
03/01/2025;1303,8400;
04/01/2025;1304,8400;
05/01/2025;1304,8400;
06/01/2025;1304,8400;
07/01/2025;1307,8400;
08/01/2025;1308,8400;
09/01/2025;1309,8400;
10/01/2025;1310,8400;
11/01/2025;1311,8500;
12/01/2025;1311,8500;
13/01/2025;1311,8500;
14/01/2025;1314,8600;
15/01/2025;1315,8700;
16/01/2025;1316,8700;
17/01/2025;1318,0100;
18/01/2025;1319,1400;
19/01/2025;1319,1400;
20/01/2025;1319,1400;
21/01/2025;1322,5400;
22/01/2025;1323,6800;
23/01/2025;1324,8200;
24/01/2025;1325,9600;
25/01/2025;1327,1000;
26/01/2025;1327,1000;
27/01/2025;1327,1000;
28/01/2025;1330,5200;
29/01/2025;1331,6700;
30/01/2025;1332,8100;
31/01/2025;1333,9600;
01/02/2025;1335,1100;
02/02/2025;1335,1100;
03/02/2025;1335,1100;
04/02/2025;1338,5500;
05/02/2025;1339,7000;
06/02/2025;1340,8600;
07/02/2025;1342,0100;
08/02/2025;1343,1600;
09/02/2025;1343,1600;
10/02/2025;1343,1600;
11/02/2025;1346,6300;
12/02/2025;1347,7900;
13/02/2025;1348,9500;
14/02/2025;1350,1100;
15/02/2025;1351,2700;
16/02/2025;1351,2700;
17/02/2025;1351,2700;
18/02/2025;1354,5300;
19/02/2025;1355,5900;
20/02/2025;1356,6400;
21/02/2025;1357,6900;
22/02/2025;1358,7500;
23/02/2025;1358,7500;
24/02/2025;1358,7500;
25/02/2025;1361,9200;
26/02/2025;1362,9800;
27/02/2025;1364,0400;
28/02/2025;1365,1000;
01/03/2025;1366,1600;
02/03/2025;1366,1600;
03/03/2025;1366,1600;
04/03/2025;1366,1600;
05/03/2025;1366,1600;
06/03/2025;1371,4800;
07/03/2025;1372,5500;
08/03/2025;1373,6100;
09/03/2025;1373,6100;
10/03/2025;1373,6100;
11/03/2025;1376,8200;
12/03/2025;1377,8900;
13/03/2025;1378,9600;
14/03/2025;1380,0300;
15/03/2025;1381,1100;
16/03/2025;1381,1100;
17/03/2025;1381,1100;
18/03/2025;1384,3000;
19/03/2025;1385,3600;
20/03/2025;1386,4200;
21/03/2025;1387,4800;
22/03/2025;1388,5400;
23/03/2025;1388,5400;
24/03/2025;1388,5400;
25/03/2025;1388,5400;
26/03/2025;1392,8000;
27/03/2025;1393,8600;
28/03/2025;1394,9300;
29/03/2025;1396,0000;
30/03/2025;1396,0000;
31/03/2025;1396,0000;
01/04/2025;1399,2000;
02/04/2025;1400,2800;
03/04/2025;1400,2800;
04/04/2025;1402,4200;
05/04/2025;1403,4900;
06/04/2025;1403,4900;
07/04/2025;1403,4900;
08/04/2025;1406,7200;
09/04/2025;1407,7900;
10/04/2025;1408,8700;
11/04/2025;1409,9500;
12/04/2025;1411,0300;
13/04/2025;1411,0300;
14/04/2025;1411,0300;
15/04/2025;1414,2700;
16/04/2025;1415,3500;
17/04/2025;1417,0700;
18/04/2025;1417,0700;
19/04/2025;1417,0700;
20/04/2025;1417,0700;
21/04/2025;1417,0700;
22/04/2025;1425,6800;
23/04/2025;1427,4000;
24/04/2025;1429,1300;
25/04/2025;1430,8700;
26/04/2025;1432,6000;
27/04/2025;1432,6000;
28/04/2025;1432,6000;
29/04/2025;1437,8100;
30/04/2025;1439,5600;
01/05/2025;1441,3000;
02/05/2025;1441,3000;
03/05/2025;1441,3000;
04/05/2025;1441,3000;
05/05/2025;1441,3000;
06/05/2025;1450,0500;
07/05/2025;1451,8100;
08/05/2025;1453,5700;
09/05/2025;1455,3300;
10/05/2025;1457,1000;
11/05/2025;1457,1000;
12/05/2025;1457,1000;
13/05/2025;1462,4000;
14/05/2025;1464,1700;
15/05/2025;1465,9500;
16/05/2025;1467,7200;
17/05/2025;1469,0300;
18/05/2025;1469,0300;
19/05/2025;1469,0300;
20/05/2025;1472,9600;
21/05/2025;1474,2700;
22/05/2025;1475,5900;
23/05/2025;1476,9000;
24/05/2025;1478,2200;
25/05/2025;1478,2200;
26/05/2025;1478,2200;
27/05/2025;1482,1800;
28/05/2025;1483,5000;
29/05/2025;1484,8200;
30/05/2025;1486,1400;
31/05/2025;1487,4700;
01/06/2025;1487,4700;
02/06/2025;1487,4700;
03/06/2025;1491,4500;
04/06/2025;1492,7800;
05/06/2025;1494,1100;
06/06/2025;1495,4400;
07/06/2025;1496,7700;
08/06/2025;1496,7700;
09/06/2025;1496,7700;
10/06/2025;1500,7800;
11/06/2025;1502,1100;
12/06/2025;1503,4500;
13/06/2025;1504,7900;
14/06/2025;1506,1300;
15/06/2025;1506,1300;
16/06/2025;1506,1300;
17/06/2025;1506,1300;
18/06/2025;1510,3200;
19/06/2025;1511,0700;
20/06/2025;1511,8200;
21/06/2025;1511,8200;
22/06/2025;1511,8200;
23/06/2025;1511,8200;
24/06/2025;1514,8200;
25/06/2025;1515,5700;
26/06/2025;1516,3300;
27/06/2025;1517,0800;
28/06/2025;1517,8300;
29/06/2025;1517,8300;
30/06/2025;1517,8300;
01/07/2025;1520,0900;
02/07/2025;1520,8500;
03/07/2025;1521,6000;
04/07/2025;1522,3600;
05/07/2025;1523,1100;
06/07/2025;1523,1100;
07/07/2025;1523,1100;
08/07/2025;1525,3800;
09/07/2025;1526,1400;
10/07/2025;1526,1400;
11/07/2025;1527,6600;
12/07/2025;1528,4100;
13/07/2025;1528,4100;
14/07/2025;1528,4100;
15/07/2025;1530,6900;
16/07/2025;1531,4500;
17/07/2025;1532,2400;
18/07/2025;1533,0200;
19/07/2025;1533,8100;
20/07/2025;1533,8100;
21/07/2025;1533,8100;
22/07/2025;1536,1600;
23/07/2025;1536,9500;
24/07/2025;1537,7400;
25/07/2025;1538,5200;
26/07/2025;1539,3100;
27/07/2025;1539,3100;
28/07/2025;1539,3100;
29/07/2025;1541,6800;
30/07/2025;1542,4700;
31/07/2025;1543,2600;
01/08/2025;1544,0500;
02/08/2025;1544,8400;
03/08/2025;1544,8400;
04/08/2025;1544,8400;
05/08/2025;1547,2100;
06/08/2025;1548,0100;
07/08/2025;1548,8000;
08/08/2025;1549,5900;
09/08/2025;1550,3900;
10/08/2025;1550,3900;
11/08/2025;1550,3900;
12/08/2025;1552,7700;
13/08/2025;1553,5700;
14/08/2025;1554,3600;
15/08/2025;1555,1600;
16/08/2025;1555,1600;
17/08/2025;1555,1600;
18/08/2025;1555,1600;
19/08/2025;1558,7900;
20/08/2025;1559,7400;
21/08/2025;1560,6800;
22/08/2025;1561,6300;
23/08/2025;1562,5800;
24/08/2025;1562,5800;
25/08/2025;1562,5800;
26/08/2025;1565,4300;
27/08/2025;1566,3800;
28/08/2025;1567,3300;
29/08/2025;1568,2800;
30/08/2025;1569,2400;
31/08/2025;1569,2400;
01/09/2025;1569,2400;
02/09/2025;1572,1000;
03/09/2025;1573,0500;
04/09/2025;1574,0100;
05/09/2025;1574,9600;
06/09/2025;1575,9200;
07/09/2025;1575,9200;
08/09/2025;1575,9200;
09/09/2025;1578,7900;
10/09/2025;1579,7500;
11/09/2025;1580,7100;
12/09/2025;1581,6700;
13/09/2025;1582,6300;
14/09/2025;1582,6300;
15/09/2025;1582,6300;
16/09/2025;1585,5200;
17/09/2025;1586,5100;
18/09/2025;1587,5100;
19/09/2025;1588,5000;
20/09/2025;1589,5000;
21/09/2025;1589,5000;
22/09/2025;1589,5000;
23/09/2025;1592,5000;
24/09/2025;1593,4900;
25/09/2025;1594,5000;
26/09/2025;1595,5000;
27/09/2025;1596,5000;
28/09/2025;1596,5000;
29/09/2025;1596,5000;
30/09/2025;1599,5000;
01/10/2025;1600,5100;
02/10/2025;1601,5100;
03/10/2025;1602,5200;
04/10/2025;1603,5200;
05/10/2025;1603,5200;
06/10/2025;1603,5200;
07/10/2025;1606,5400;
08/10/2025;1607,5500;
09/10/2025;1608,5600;
10/10/2025;1609,5700;
11/10/2025;1609,5700;
12/10/2025;1609,5700;
13/10/2025;1609,5700;
14/10/2025;1613,6200;
15/10/2025;1614,6300;
16/10/2025;1615,6400;
17/10/2025;1616,7300;
18/10/2025;1617,8100;
19/10/2025;1617,8100;
20/10/2025;1617,8100;
21/10/2025;1621,0700;
22/10/2025;1622,1500;
23/10/2025;1623,2400;
24/10/2025;1624,3300;
25/10/2025;1625,4200;
26/10/2025;1625,4200;
27/10/2025;1625,4200;
28/10/2025;1628,6900;
29/10/2025;1629,7800;
30/10/2025;1630,8800;
31/10/2025;1631,9700;
01/11/2025;1633,0700;
02/11/2025;1633,0700;
03/11/2025;1633,0700;
04/11/2025;1636,3500;
05/11/2025;1637,4500;
06/11/2025;1638,5500;
07/11/2025;1638,5500;
08/11/2025;1640,7500;
09/11/2025;1640,7500;
10/11/2025;1640,7500;
11/11/2025;1644,0500;
12/11/2025;1645,1500;
13/11/2025;1646,2600;
14/11/2025;1647,3600;
15/11/2025;1648,4600;
16/11/2025;1648,4600;
17/11/2025;1648,4600;
18/11/2025;1652,0700;
19/11/2025;1653,3300;
20/11/2025;1654,5800;
21/11/2025;1655,8300;
22/11/2025;1655,8300;
23/11/2025;1655,8300;
24/11/2025;1655,8300;
25/11/2025;1655,8300;
26/11/2025;1662,1200;
27/11/2025;1663,3800;
28/11/2025;1664,6400;
29/11/2025;1665,9100;
30/11/2025;1665,9100;
01/12/2025;1665,9100;
02/12/2025;1669,7000;
03/12/2025;1670,9600;
04/12/2025;1672,2300;
05/12/2025;1673,5000;
06/12/2025;1674,7700;
07/12/2025;1674,7700;
08/12/2025;1674,7700;
09/12/2025;1674,7700;
10/12/2025;1679,8500;
11/12/2025;1681,1300;
12/12/2025;1682,4000;
13/12/2025;1683,6800;
14/12/2025;1683,6800;
15/12/2025;1683,6800;
